{"stats":{"minecraft:picked_up":{"minecraft:golden_leggings":2,"minecraft:chicken":1,"jujutsucraft:uniform_gojo_boots":2,"jujutsucraft:uniform_normal_boots":1,"minecraft:leather":1,"minecraft:potato":3,"minecraft:golden_sword":1,"minecraft:dirt":2,"jujutsucraft:uniform_normal_leggings":3,"minecraft:apple":4,"minecraft:wheat_seeds":1,"jujutsucraft:sword_shigemo":1,"minecraft:tall_grass":1,"minecraft:scaffolding":1,"minecraft:porkchop":2,"minecraft:golden_axe":1,"jujutsucraft:uniform_normal_chestplate":1,"minecraft:ink_sac":91,"jujutsucraft:uniform_gojo_chestplate":1,"minecraft:grass_block":2,"jujutsucraft:naginata":2,"minecraft:hay_block":11,"minecraft:bread":3,"minecraft:oak_sapling":2,"minecraft:mutton":4,"minecraft:white_wool":2},"minecraft:custom":{"minecraft:mob_kills":103,"minecraft:damage_dealt_resisted":28004,"minecraft:time_since_death":7860,"minecraft:climb_one_cm":798,"minecraft:damage_resisted":18503,"minecraft:time_since_rest":7931,"minecraft:sprint_one_cm":235935,"minecraft:damage_taken":19002,"minecraft:walk_one_cm":303443,"minecraft:drop":105,"minecraft:damage_dealt":546,"minecraft:swim_one_cm":6810,"minecraft:talked_to_villager":1,"minecraft:fly_one_cm":1131276,"minecraft:open_chest":2,"minecraft:crouch_one_cm":244,"minecraft:play_time":74258,"minecraft:deaths":39,"minecraft:sneak_time":215,"minecraft:walk_under_water_one_cm":427,"minecraft:jump":2043,"minecraft:walk_on_water_one_cm":1076,"minecraft:total_world_time":74258,"minecraft:fall_one_cm":114145},"minecraft:mined":{"minecraft:scaffolding":1,"minecraft:acacia_leaves":1,"minecraft:tall_grass":4,"minecraft:hay_block":11,"minecraft:grass":1,"minecraft:oak_leaves":1},"minecraft:killed":{"jujutsucraft:cursed_spirit_grade_32":3,"jujutsucraft:transfigured_human_3":3,"jujutsucraft:cursed_spirit_grade_21":1,"jujutsucraft:cursed_spirit_grade_31":2,"jujutsucraft:cursed_spirit_grade_33":2,"minecraft:pig":1,"jujutsucraft:cursed_spirit_grade_11":1,"jujutsucraft:cursed_spirit_grade_37":1,"jujutsucraft:cursed_spirit_grade_35":3,"jujutsucraft:yoshino_junpei":1,"jujutsucraft:cursed_spirit_grade_318":6,"jujutsucraft:cursed_spirit_grade_316":1,"jujutsucraft:curse_user":1,"jujutsucraft:transfigured_human_2":2,"jujutsucraft:cursed_spirit_grade_321":5,"minecraft:sheep":2,"minecraft:horse":1,"jujutsucraft:cursed_spirit_grade_39":13,"jujutsucraft:cursed_spirit_grade_312":2,"jujutsucraft:cursed_spirit_grade_314":6,"jujutsucraft:cursed_spirit_grade_215":1,"jujutsucraft:cursed_spirit_grade_310":2,"jujutsucraft:cursed_spirit_grade_13":1,"jujutsucraft:cursed_spirit_grade_36":7,"jujutsucraft:cursed_spirit_grade_214":1,"jujutsucraft:cursed_spirit_grade_317":4,"jujutsucraft:cursed_spirit_grade_315":6,"jujutsucraft:cursed_spirit_grade_34":4,"jujutsucraft:cursed_spirit_grade_319":8,"jujutsucraft:cursed_spirit_grade_322":3,"jujutsucraft:transfigured_human_1":1},"minecraft:dropped":{"jujutsucraft:uniform_gojo_boots":2,"minecraft:wheat_seeds":1,"jujutsucraft:uniform_normal_leggings":4,"minecraft:chicken":1,"jujutsucraft:naginata":2,"minecraft:grass_block":2,"jujutsucraft:uniform_normal_chestplate":1,"minecraft:ink_sac":91,"jujutsucraft:uniform_gojo_chestplate":1},"minecraft:used":{"jujutsucraft:clothes_geto_boots":1,"jujutsucraft:uniform_normal_boots":1,"minecraft:dirt":2,"jujutsucraft:uniform_normal_chestplate":1,"jujutsucraft:uniform_geto_leggings":1,"jujutsucraft:naginata":1,"minecraft:tall_grass":1,"minecraft:scaffolding":1,"jujutsucraft:clothes_geto_chestplate":1},"minecraft:killed_by":{"jujutsucraft:cursed_spirit_grade_25":1,"jujutsucraft:sukuna_fushiguro":3,"jujutsucraft:hazenoki":1,"jujutsucraft:transfigured_human_3":1,"jujutsucraft:reggie_star":1,"minecraft:player":16,"jujutsucraft:cursed_spirit_grade_312":1,"jujutsucraft:cursed_spirit_grade_13":1,"jujutsucraft:uraume":1,"jujutsucraft:moon_dregs":1,"jujutsucraft:cursed_spirit_grade_07":1,"jujutsucraft:cursed_spirit_grade_317":1,"jujutsucraft:cursed_spirit_grade_21":2,"jujutsucraft:cursed_spirit_grade_06":1,"jujutsucraft:eight_handled_swrod_divergent_sila_divine_general_mahoraga":3,"jujutsucraft:curse_user":1,"jujutsucraft:geto_suguru_curse_user":1,"jujutsucraft:jujutsu_sorcerer":1}},"DataVersion":3465}