{"stats":{"minecraft:picked_up":{"jujutsucraft:clothes_zenin_chestplate":1,"minecraft:golden_leggings":2,"minecraft:chicken":1,"jujutsucraft:uniform_gojo_boots":2,"jujutsucraft:uniform_normal_boots":1,"minecraft:leather":1,"minecraft:potato":3,"minecraft:golden_sword":1,"minecraft:dirt":3,"jujutsucraft:uniform_normal_leggings":3,"minecraft:apple":4,"minecraft:wheat_seeds":2,"jujutsucraft:split_soul_katana":1,"jujutsucraft:sword_shigemo":1,"minecraft:tall_grass":1,"minecraft:scaffolding":1,"minecraft:porkchop":5,"minecraft:golden_axe":1,"jujutsucraft:uniform_normal_chestplate":1,"minecraft:ink_sac":91,"jujutsucraft:uniform_gojo_chestplate":1,"minecraft:grass_block":2,"minecraft:spruce_door":1,"minecraft:jungle_sign":1,"jujutsucraft:clothes_kashimo_hajime_helmet":1,"jujutsucraft:naginata":2,"minecraft:hay_block":11,"jujutsucraft:uniform_q_chestplate":1,"minecraft:bread":3,"minecraft:oak_sapling":2,"minecraft:mutton":4,"minecraft:white_wool":2},"minecraft:custom":{"minecraft:mob_kills":120,"minecraft:damage_dealt_resisted":36896,"minecraft:leave_game":1,"minecraft:time_since_death":1811,"minecraft:climb_one_cm":798,"minecraft:damage_resisted":26372,"minecraft:time_since_rest":1833,"minecraft:sprint_one_cm":291934,"minecraft:damage_taken":21373,"minecraft:walk_one_cm":364378,"minecraft:drop":105,"minecraft:damage_dealt":546,"minecraft:swim_one_cm":6810,"minecraft:talked_to_villager":1,"minecraft:fly_one_cm":1297167,"minecraft:open_chest":2,"minecraft:crouch_one_cm":293,"minecraft:play_time":81151,"minecraft:deaths":42,"minecraft:sneak_time":263,"minecraft:walk_under_water_one_cm":961,"minecraft:jump":2229,"minecraft:walk_on_water_one_cm":3762,"minecraft:total_world_time":81151,"minecraft:fall_one_cm":125074},"minecraft:mined":{"minecraft:scaffolding":1,"minecraft:acacia_leaves":1,"minecraft:tall_grass":4,"minecraft:hay_block":11,"minecraft:grass":2,"minecraft:oak_leaves":1},"minecraft:killed":{"jujutsucraft:cursed_spirit_grade_32":4,"jujutsucraft:transfigured_human_3":3,"jujutsucraft:cursed_spirit_grade_21":1,"jujutsucraft:cursed_spirit_grade_31":2,"jujutsucraft:cursed_spirit_grade_33":3,"minecraft:pig":3,"jujutsucraft:cursed_spirit_grade_11":1,"jujutsucraft:cursed_spirit_grade_37":1,"jujutsucraft:cursed_spirit_grade_35":3,"jujutsucraft:yoshino_junpei":1,"jujutsucraft:cursed_spirit_grade_318":8,"jujutsucraft:bathynomus_giganteus":2,"jujutsucraft:cursed_spirit_grade_211":1,"jujutsucraft:cursed_spirit_grade_316":1,"jujutsucraft:curse_user":1,"jujutsucraft:transfigured_human_2":3,"jujutsucraft:cursed_spirit_grade_321":5,"minecraft:sheep":2,"minecraft:horse":1,"jujutsucraft:cursed_spirit_grade_39":13,"jujutsucraft:cursed_spirit_grade_312":2,"jujutsucraft:cursed_spirit_grade_314":6,"jujutsucraft:cursed_spirit_grade_215":1,"jujutsucraft:cursed_spirit_grade_310":2,"jujutsucraft:cursed_spirit_grade_13":1,"jujutsucraft:sea_serpent":1,"jujutsucraft:cursed_spirit_grade_36":8,"jujutsucraft:rozetsu_shikigami":1,"jujutsucraft:cursed_spirit_grade_214":1,"jujutsucraft:cursed_spirit_grade_317":5,"jujutsucraft:cursed_spirit_grade_315":6,"jujutsucraft:cursed_spirit_grade_34":4,"jujutsucraft:cursed_spirit_grade_319":9,"jujutsucraft:cursed_spirit_grade_322":3,"jujutsucraft:transfigured_human_1":1},"minecraft:dropped":{"jujutsucraft:uniform_gojo_boots":2,"minecraft:wheat_seeds":1,"jujutsucraft:uniform_normal_leggings":4,"minecraft:chicken":1,"jujutsucraft:naginata":2,"minecraft:grass_block":2,"jujutsucraft:uniform_normal_chestplate":1,"minecraft:ink_sac":91,"jujutsucraft:uniform_gojo_chestplate":1},"minecraft:used":{"jujutsucraft:clothes_geto_boots":1,"jujutsucraft:uniform_normal_boots":1,"minecraft:dirt":2,"jujutsucraft:uniform_normal_chestplate":1,"jujutsucraft:uniform_geto_leggings":1,"jujutsucraft:naginata":1,"minecraft:tall_grass":1,"minecraft:scaffolding":1,"jujutsucraft:sword_shigemo":1,"jujutsucraft:clothes_geto_chestplate":1},"minecraft:killed_by":{"jujutsucraft:cursed_spirit_grade_25":1,"jujutsucraft:sukuna_fushiguro":3,"jujutsucraft:hazenoki":1,"jujutsucraft:transfigured_human_3":1,"jujutsucraft:reggie_star":1,"minecraft:player":16,"jujutsucraft:cursed_spirit_grade_312":1,"jujutsucraft:mahito":1,"jujutsucraft:cursed_spirit_grade_13":1,"jujutsucraft:uraume":1,"jujutsucraft:moon_dregs":1,"jujutsucraft:cursed_spirit_grade_07":1,"jujutsucraft:hanami":1,"jujutsucraft:cursed_spirit_grade_317":1,"jujutsucraft:cursed_spirit_grade_21":2,"jujutsucraft:cursed_spirit_grade_06":1,"jujutsucraft:eight_handled_swrod_divergent_sila_divine_general_mahoraga":3,"jujutsucraft:curse_user":1,"jujutsucraft:dagon_2":1,"jujutsucraft:geto_suguru_curse_user":1,"jujutsucraft:jujutsu_sorcerer":1}},"DataVersion":3465}