{"stats":{"minecraft:picked_up":{"jujutsucraft:uniform_normal_leggings":1,"jujutsucraft:naginata":1,"minecraft:dirt":1},"minecraft:custom":{"minecraft:time_since_rest":1389,"minecraft:crouch_one_cm":178,"minecraft:sprint_one_cm":12210,"minecraft:play_time":9193,"minecraft:deaths":7,"minecraft:damage_taken":2334,"minecraft:walk_one_cm":34093,"minecraft:sneak_time":159,"minecraft:mob_kills":1,"minecraft:damage_dealt_resisted":192,"minecraft:jump":106,"minecraft:damage_dealt":12,"minecraft:time_since_death":1305,"minecraft:total_world_time":9193,"minecraft:damage_resisted":20,"minecraft:fall_one_cm":7366,"minecraft:fly_one_cm":92612},"minecraft:killed_by":{"minecraft:player":4,"jujutsucraft:cursed_spirit_grade_317":1,"jujutsucraft:jujutsu_sorcerer":1},"minecraft:used":{"jujutsucraft:clothes_geto_boots":1,"minecraft:dirt":1,"jujutsucraft:uniform_geto_leggings":1,"jujutsucraft:clothes_geto_chestplate":1,"jujutsucraft:uniform_normal_boots":1,"jujutsucraft:uniform_normal_chestplate":1}},"DataVersion":3465}