{"stats":{"minecraft:picked_up":{"jujutsucraft:uniform_normal_leggings":1,"jujutsucraft:uniform_gojo_boots":1,"jujutsucraft:naginata":1,"minecraft:hay_block":11,"minecraft:mutton":2,"minecraft:white_wool":1,"minecraft:dirt":2},"minecraft:custom":{"minecraft:time_since_rest":721,"minecraft:crouch_one_cm":178,"minecraft:sprint_one_cm":41227,"minecraft:play_time":21193,"minecraft:deaths":13,"minecraft:damage_taken":5102,"minecraft:walk_one_cm":71364,"minecraft:sneak_time":159,"minecraft:mob_kills":9,"minecraft:damage_dealt_resisted":1173,"minecraft:jump":423,"minecraft:damage_dealt":90,"minecraft:time_since_death":688,"minecraft:total_world_time":21193,"minecraft:damage_resisted":710,"minecraft:fall_one_cm":26830,"minecraft:fly_one_cm":243005},"minecraft:killed_by":{"jujutsucraft:cursed_spirit_grade_25":1,"jujutsucraft:eight_handled_swrod_divergent_sila_divine_general_mahoraga":1,"jujutsucraft:reggie_star":1,"minecraft:player":6,"jujutsucraft:cursed_spirit_grade_312":1,"jujutsucraft:cursed_spirit_grade_317":1,"jujutsucraft:jujutsu_sorcerer":1},"minecraft:killed":{"jujutsucraft:cursed_spirit_grade_36":1,"minecraft:sheep":1,"jujutsucraft:cursed_spirit_grade_39":1,"jujutsucraft:cursed_spirit_grade_35":1,"jujutsucraft:cursed_spirit_grade_315":3},"minecraft:mined":{"minecraft:hay_block":11},"minecraft:used":{"jujutsucraft:clothes_geto_boots":1,"minecraft:dirt":1,"jujutsucraft:uniform_geto_leggings":1,"jujutsucraft:clothes_geto_chestplate":1,"jujutsucraft:uniform_normal_boots":1,"jujutsucraft:uniform_normal_chestplate":1}},"DataVersion":3465}