{"stats":{"minecraft:picked_up":{"minecraft:scaffolding":1,"jujutsucraft:uniform_gojo_boots":1,"jujutsucraft:uniform_normal_boots":1,"minecraft:potato":3,"minecraft:porkchop":2,"minecraft:dirt":2,"jujutsucraft:uniform_normal_leggings":1,"jujutsucraft:naginata":1,"minecraft:apple":4,"minecraft:hay_block":11,"minecraft:bread":3,"minecraft:oak_sapling":1,"minecraft:mutton":2,"minecraft:white_wool":1},"minecraft:custom":{"minecraft:time_since_rest":577,"minecraft:sprint_one_cm":90105,"minecraft:damage_taken":8398,"minecraft:walk_one_cm":110898,"minecraft:mob_kills":25,"minecraft:damage_dealt":90,"minecraft:fly_one_cm":473025,"minecraft:crouch_one_cm":178,"minecraft:play_time":33193,"minecraft:deaths":21,"minecraft:sneak_time":164,"minecraft:jump":920,"minecraft:damage_dealt_resisted":3991,"minecraft:time_since_death":544,"minecraft:total_world_time":33193,"minecraft:damage_resisted":2608,"minecraft:fall_one_cm":57297},"minecraft:killed_by":{"jujutsucraft:cursed_spirit_grade_25":1,"jujutsucraft:reggie_star":1,"minecraft:player":10,"jujutsucraft:cursed_spirit_grade_312":1,"jujutsucraft:cursed_spirit_grade_317":1,"jujutsucraft:uraume":1,"jujutsucraft:cursed_spirit_grade_21":1,"jujutsucraft:cursed_spirit_grade_06":1,"jujutsucraft:eight_handled_swrod_divergent_sila_divine_general_mahoraga":1,"jujutsucraft:curse_user":1,"jujutsucraft:jujutsu_sorcerer":1},"minecraft:killed":{"minecraft:sheep":1,"jujutsucraft:cursed_spirit_grade_21":1,"jujutsucraft:cursed_spirit_grade_39":1,"jujutsucraft:cursed_spirit_grade_314":1,"minecraft:pig":1,"jujutsucraft:cursed_spirit_grade_36":2,"jujutsucraft:cursed_spirit_grade_35":1,"jujutsucraft:yoshino_junpei":1,"jujutsucraft:cursed_spirit_grade_317":2,"jujutsucraft:cursed_spirit_grade_315":5,"jujutsucraft:cursed_spirit_grade_34":1,"jujutsucraft:cursed_spirit_grade_319":2,"jujutsucraft:transfigured_human_2":1,"jujutsucraft:cursed_spirit_grade_321":1},"minecraft:mined":{"minecraft:hay_block":11,"minecraft:scaffolding":1},"minecraft:used":{"jujutsucraft:clothes_geto_boots":1,"jujutsucraft:uniform_geto_leggings":1,"jujutsucraft:uniform_normal_boots":1,"jujutsucraft:naginata":1,"minecraft:dirt":2,"jujutsucraft:clothes_geto_chestplate":1,"jujutsucraft:uniform_normal_chestplate":1}},"DataVersion":3465}