{"stats":{"minecraft:picked_up":{"minecraft:azure_bluet":1,"minecraft:feather":1,"minecraft:chicken":2,"jujutsucraft:mahoraga_wheel_helmet":2,"minecraft:leather":2,"jujutsucraft:cursed_technique_changer":2,"jujutsucraft:uniform_gojo_leggings":1,"jujutsucraft:uniform_normal_chestplate":1,"minecraft:white_bed":1,"minecraft:grass_block":1,"minecraft:dirt":1,"jujutsucraft:uniform_normal_leggings":1,"minecraft:wheat_seeds":1,"jujutsucraft:clothes_zenin_2_leggings":2,"minecraft:grass":1,"minecraft:bread":6,"jujutsucraft:sword_of_extermination":2,"minecraft:white_wool":1},"minecraft:custom":{"minecraft:time_since_rest":2125,"minecraft:sprint_one_cm":92004,"minecraft:damage_taken":9909,"minecraft:walk_one_cm":173378,"minecraft:mob_kills":6,"minecraft:drop":2,"minecraft:fly_one_cm":682900,"minecraft:player_kills":2,"minecraft:open_chest":1,"minecraft:crouch_one_cm":215,"minecraft:play_time":35797,"minecraft:deaths":26,"minecraft:bell_ring":15,"minecraft:sneak_time":24,"minecraft:jump":594,"minecraft:damage_dealt_resisted":920,"minecraft:leave_game":1,"minecraft:time_since_death":2087,"minecraft:total_world_time":35797,"minecraft:damage_resisted":289,"minecraft:fall_one_cm":38788},"minecraft:killed_by":{"jujutsucraft:cursed_spirit_grade_110":2,"jujutsucraft:yoshino_junpei":1,"minecraft:player":13,"jujutsucraft:cursed_spirit_grade_18":1,"jujutsucraft:cursed_spirit_grade_314":1,"jujutsucraft:moon_dregs":1,"jujutsucraft:curse_user":1},"minecraft:killed":{"minecraft:horse":1,"minecraft:chicken":2,"jujutsucraft:cursed_spirit_grade_322":1},"minecraft:mined":{"minecraft:white_bed":1,"minecraft:azure_bluet":1,"minecraft:grass":3},"minecraft:used":{"jujutsucraft:uniform_normal_boots":1,"jujutsucraft:sword_of_extermination":1,"jujutsucraft:clothes_zenin_2_leggings":7,"jujutsucraft:uniform_normal_leggings":4,"jujutsucraft:mahoraga_wheel_helmet":4,"minecraft:azure_bluet":1,"jujutsucraft:uniform_normal_chestplate":2},"minecraft:dropped":{"minecraft:bread":1,"jujutsucraft:cursed_technique_changer":1}},"DataVersion":3465}