{"stats":{"minecraft:picked_up":{"minecraft:feather":2,"minecraft:azure_bluet":2,"minecraft:chicken":2,"jujutsucraft:mahoraga_wheel_helmet":4,"minecraft:leather":3,"jujutsucraft:cursed_technique_changer":2,"minecraft:oak_log":10,"minecraft:dirt":95,"jujutsucraft:uniform_normal_leggings":1,"minecraft:wheat_seeds":1,"jujutsucraft:clothes_zenin_2_leggings":2,"minecraft:lectern":1,"jujutsucraft:sword_of_extermination":3,"minecraft:oak_planks":5,"minecraft:egg":1,"minecraft:oak_door":2,"minecraft:oak_fence":1,"minecraft:torch":2,"jujutsucraft:uniform_gojo_leggings":1,"jujutsucraft:uniform_normal_chestplate":1,"minecraft:grass_block":1,"minecraft:white_bed":4,"minecraft:spruce_log":1,"minecraft:grass":1,"minecraft:bread":6,"minecraft:white_wool":1},"minecraft:custom":{"minecraft:mob_kills":32,"minecraft:open_barrel":10,"minecraft:interact_with_loom":1,"minecraft:bell_ring":15,"minecraft:damage_dealt_resisted":4771,"minecraft:leave_game":1,"minecraft:time_since_death":28284,"minecraft:damage_resisted":2932,"minecraft:climb_one_cm":424,"minecraft:time_since_rest":28321,"minecraft:sprint_one_cm":242456,"minecraft:damage_taken":20552,"minecraft:walk_one_cm":297749,"minecraft:drop":5,"minecraft:damage_dealt":46,"minecraft:fly_one_cm":1322123,"minecraft:player_kills":5,"minecraft:open_chest":15,"minecraft:crouch_one_cm":4306,"minecraft:play_time":94901,"minecraft:deaths":49,"minecraft:sneak_time":1915,"minecraft:jump":1752,"minecraft:walk_on_water_one_cm":686,"minecraft:total_world_time":94901,"minecraft:fall_one_cm":128610},"minecraft:killed_by":{"jujutsucraft:reggie_star":1,"jujutsucraft:cursed_spirit_grade_15":3,"jujutsucraft:cursed_spirit_grade_311":1,"minecraft:player":20,"jujutsucraft:cursed_spirit_grade_16":1,"jujutsucraft:cursed_spirit_grade_12":2,"jujutsucraft:moon_dregs":1,"jujutsucraft:cursed_spirit_grade_110":2,"jujutsucraft:cursed_spirit_grade_09":1,"jujutsucraft:yoshino_junpei":2,"jujutsucraft:cursed_spirit_grade_18":1,"jujutsucraft:cursed_spirit_grade_314":1,"jujutsucraft:cursed_spirit_grade_29":1,"jujutsucraft:curse_user":1,"jujutsucraft:cursed_spirit_grade_34":1,"jujutsucraft:rozetsu":1},"minecraft:killed":{"jujutsucraft:cursed_spirit_grade_32":1,"jujutsucraft:cursed_spirit_grade_31":1,"jujutsucraft:cursed_spirit_grade_318":2,"jujutsucraft:cursed_spirit_grade_321":2,"minecraft:horse":1,"jujutsucraft:cursed_spirit_grade_39":2,"jujutsucraft:cursed_spirit_grade_311":1,"minecraft:chicken":3,"jujutsucraft:cursed_spirit_grade_36":8,"jujutsucraft:cursed_spirit_grade_315":6,"jujutsucraft:cursed_spirit_grade_322":2,"minecraft:villager":1},"minecraft:mined":{"minecraft:white_bed":4,"minecraft:glass_pane":4,"minecraft:oak_door":2,"minecraft:oak_fence":1,"minecraft:grass_block":19,"minecraft:tall_grass":1,"minecraft:oak_planks":3,"minecraft:wall_torch":2,"minecraft:azure_bluet":1,"minecraft:grass":6,"minecraft:oak_log":10,"minecraft:dirt_path":5,"minecraft:dirt":73,"minecraft:oak_leaves":2},"minecraft:used":{"minecraft:oak_planks":30,"jujutsucraft:uniform_normal_boots":1,"jujutsucraft:weapon_nanami":45,"jujutsucraft:clothes_zenin_2_leggings":7,"minecraft:dirt":42,"minecraft:white_bed":2,"minecraft:azure_bluet":2,"jujutsucraft:uniform_normal_chestplate":2,"jujutsucraft:g_staff":1,"minecraft:lectern":1,"jujutsucraft:sword_of_extermination":9,"jujutsucraft:uniform_normal_leggings":4,"minecraft:egg":1,"jujutsucraft:mahoraga_wheel_helmet":5},"minecraft:dropped":{"minecraft:bread":1,"jujutsucraft:cursed_technique_changer":1,"minecraft:feather":1,"minecraft:leather":1,"jujutsucraft:mahoraga_wheel_helmet":1},"minecraft:crafted":{"minecraft:oak_planks":40}},"DataVersion":3465}