{"stats":{"minecraft:picked_up":{"minecraft:azure_bluet":2,"minecraft:feather":2,"minecraft:chicken":2,"jujutsucraft:mahoraga_wheel_helmet":4,"minecraft:leather":3,"jujutsucraft:cursed_technique_changer":2,"jujutsucraft:uniform_gojo_leggings":1,"jujutsucraft:uniform_normal_chestplate":1,"minecraft:spruce_log":1,"minecraft:white_bed":1,"minecraft:grass_block":1,"minecraft:dirt":44,"jujutsucraft:uniform_normal_leggings":1,"minecraft:wheat_seeds":1,"jujutsucraft:clothes_zenin_2_leggings":2,"minecraft:grass":1,"minecraft:bread":6,"minecraft:lectern":1,"jujutsucraft:sword_of_extermination":3,"minecraft:oak_planks":2,"minecraft:white_wool":1,"minecraft:egg":1},"minecraft:custom":{"minecraft:time_since_rest":4321,"minecraft:damage_taken":20468,"minecraft:sprint_one_cm":237458,"minecraft:walk_one_cm":267434,"minecraft:mob_kills":29,"minecraft:drop":5,"minecraft:damage_dealt":46,"minecraft:open_barrel":5,"minecraft:fly_one_cm":1319991,"minecraft:player_kills":5,"minecraft:open_chest":15,"minecraft:crouch_one_cm":2278,"minecraft:play_time":70901,"minecraft:deaths":49,"minecraft:bell_ring":15,"minecraft:sneak_time":1355,"minecraft:jump":1724,"minecraft:damage_dealt_resisted":3981,"minecraft:leave_game":1,"minecraft:walk_on_water_one_cm":686,"minecraft:time_since_death":4284,"minecraft:climb_one_cm":424,"minecraft:total_world_time":70901,"minecraft:damage_resisted":2910,"minecraft:fall_one_cm":127868},"minecraft:killed_by":{"jujutsucraft:cursed_spirit_grade_09":1,"jujutsucraft:cursed_spirit_grade_110":2,"jujutsucraft:yoshino_junpei":2,"jujutsucraft:reggie_star":1,"jujutsucraft:cursed_spirit_grade_15":3,"jujutsucraft:cursed_spirit_grade_311":1,"minecraft:player":20,"jujutsucraft:cursed_spirit_grade_16":1,"jujutsucraft:cursed_spirit_grade_18":1,"jujutsucraft:cursed_spirit_grade_12":2,"jujutsucraft:cursed_spirit_grade_29":1,"jujutsucraft:cursed_spirit_grade_314":1,"jujutsucraft:moon_dregs":1,"jujutsucraft:curse_user":1,"jujutsucraft:cursed_spirit_grade_34":1,"jujutsucraft:rozetsu":1},"minecraft:killed":{"jujutsucraft:cursed_spirit_grade_32":1,"minecraft:horse":1,"jujutsucraft:cursed_spirit_grade_39":2,"jujutsucraft:cursed_spirit_grade_311":1,"minecraft:chicken":3,"jujutsucraft:cursed_spirit_grade_36":7,"jujutsucraft:cursed_spirit_grade_318":2,"jujutsucraft:cursed_spirit_grade_315":5,"jujutsucraft:cursed_spirit_grade_322":2,"minecraft:villager":1,"jujutsucraft:cursed_spirit_grade_321":2},"minecraft:mined":{"minecraft:white_bed":1,"minecraft:azure_bluet":1,"minecraft:grass":5,"minecraft:grass_block":7,"minecraft:dirt":36,"minecraft:tall_grass":1},"minecraft:used":{"minecraft:oak_planks":2,"jujutsucraft:uniform_normal_boots":1,"jujutsucraft:weapon_nanami":3,"jujutsucraft:sword_of_extermination":9,"jujutsucraft:clothes_zenin_2_leggings":7,"minecraft:dirt":19,"jujutsucraft:uniform_normal_leggings":4,"minecraft:egg":1,"jujutsucraft:mahoraga_wheel_helmet":5,"minecraft:azure_bluet":1,"jujutsucraft:uniform_normal_chestplate":2},"minecraft:dropped":{"minecraft:bread":1,"jujutsucraft:cursed_technique_changer":1,"minecraft:feather":1,"minecraft:leather":1,"jujutsucraft:mahoraga_wheel_helmet":1}},"DataVersion":3465}