{"stats":{"minecraft:picked_up":{"minecraft:azure_bluet":2,"minecraft:feather":2,"minecraft:chicken":2,"jujutsucraft:mahoraga_wheel_helmet":4,"minecraft:leather":3,"jujutsucraft:cursed_technique_changer":2,"minecraft:oak_log":14,"minecraft:dirt":118,"jujutsucraft:uniform_normal_leggings":1,"minecraft:apple":1,"minecraft:wheat_seeds":1,"jujutsucraft:clothes_zenin_2_leggings":2,"minecraft:lectern":3,"jujutsucraft:sword_of_extermination":3,"minecraft:oak_planks":8,"minecraft:book":9,"minecraft:egg":1,"minecraft:oak_door":2,"minecraft:oak_fence":1,"minecraft:torch":5,"minecraft:dandelion":1,"jujutsucraft:uniform_gojo_leggings":1,"jujutsucraft:uniform_normal_chestplate":1,"minecraft:grass_block":1,"minecraft:white_bed":4,"minecraft:spruce_log":2,"minecraft:grass":1,"minecraft:bread":6,"minecraft:oak_sapling":3,"minecraft:white_wool":1,"minecraft:cobblestone":12},"minecraft:custom":{"minecraft:mob_kills":36,"minecraft:open_barrel":11,"minecraft:interact_with_loom":1,"minecraft:bell_ring":15,"minecraft:damage_dealt_resisted":6185,"minecraft:leave_game":1,"minecraft:time_since_death":6392,"minecraft:sleep_in_bed":1,"minecraft:climb_one_cm":2690,"minecraft:damage_resisted":4749,"minecraft:time_since_rest":6420,"minecraft:sprint_one_cm":275095,"minecraft:damage_taken":23527,"minecraft:walk_one_cm":340522,"minecraft:drop":5,"minecraft:damage_dealt":46,"minecraft:fly_one_cm":1423141,"minecraft:player_kills":5,"minecraft:open_chest":15,"minecraft:crouch_one_cm":8537,"minecraft:play_time":123515,"minecraft:deaths":55,"minecraft:sneak_time":3741,"minecraft:jump":2026,"minecraft:walk_on_water_one_cm":686,"minecraft:total_world_time":123515,"minecraft:fall_one_cm":147059},"minecraft:killed_by":{"jujutsucraft:reggie_star":1,"jujutsucraft:cursed_spirit_grade_15":3,"jujutsucraft:cursed_spirit_grade_311":1,"minecraft:player":23,"jujutsucraft:cursed_spirit_grade_16":1,"jujutsucraft:cursed_spirit_grade_12":2,"jujutsucraft:moon_dregs":1,"jujutsucraft:cursed_spirit_grade_110":2,"jujutsucraft:cursed_spirit_grade_09":1,"jujutsucraft:yoshino_junpei":2,"jujutsucraft:cursed_spirit_grade_18":1,"jujutsucraft:cursed_spirit_grade_314":1,"jujutsucraft:cursed_spirit_grade_29":1,"jujutsucraft:eight_handled_swrod_divergent_sila_divine_general_mahoraga":2,"jujutsucraft:curse_user":1,"jujutsucraft:cursed_spirit_grade_34":1,"jujutsucraft:rozetsu":1},"minecraft:killed":{"jujutsucraft:cursed_spirit_grade_32":1,"jujutsucraft:cursed_spirit_grade_31":1,"jujutsucraft:cursed_spirit_grade_318":2,"jujutsucraft:cursed_spirit_grade_321":2,"minecraft:horse":1,"jujutsucraft:cursed_spirit_grade_39":2,"jujutsucraft:cursed_spirit_grade_311":1,"minecraft:chicken":3,"jujutsucraft:cursed_spirit_grade_36":8,"jujutsucraft:rozetsu_shikigami":1,"jujutsucraft:cursed_spirit_grade_317":1,"jujutsucraft:cursed_spirit_grade_315":6,"jujutsucraft:cursed_spirit_grade_34":1,"jujutsucraft:cursed_spirit_grade_322":3,"minecraft:villager":1},"minecraft:mined":{"minecraft:white_bed":5,"minecraft:glass_pane":4,"minecraft:oak_door":2,"minecraft:dandelion":1,"minecraft:oak_fence":1,"minecraft:torch":1,"minecraft:grass_block":31,"minecraft:lectern":2,"minecraft:tall_grass":1,"minecraft:oak_planks":6,"minecraft:wall_torch":3,"minecraft:spruce_log":1,"minecraft:azure_bluet":1,"minecraft:grass":6,"minecraft:bookshelf":3,"minecraft:oak_log":14,"minecraft:vine":1,"minecraft:dirt_path":5,"minecraft:dirt":84,"minecraft:stone":12,"minecraft:oak_leaves":34},"minecraft:used":{"minecraft:oak_planks":49,"jujutsucraft:uniform_normal_boots":1,"jujutsucraft:weapon_nanami":109,"jujutsucraft:clothes_zenin_2_leggings":7,"minecraft:torch":2,"minecraft:dirt":51,"minecraft:crafting_table":1,"minecraft:white_bed":3,"minecraft:spruce_log":1,"jujutsucraft:uniform_normal_chestplate":2,"minecraft:azure_bluet":2,"jujutsucraft:g_staff":1,"minecraft:lectern":1,"jujutsucraft:sword_of_extermination":11,"minecraft:cobblestone":1,"jujutsucraft:uniform_normal_leggings":4,"minecraft:egg":1,"jujutsucraft:mahoraga_wheel_helmet":5},"minecraft:dropped":{"minecraft:bread":1,"jujutsucraft:cursed_technique_changer":1,"minecraft:feather":1,"minecraft:leather":1,"jujutsucraft:mahoraga_wheel_helmet":1},"minecraft:crafted":{"minecraft:oak_planks":56,"minecraft:crafting_table":1}},"DataVersion":3465}