{"stats":{"minecraft:picked_up":{"jujutsucraft:uniform_normal_leggings":1,"minecraft:feather":1,"minecraft:chicken":2,"jujutsucraft:mahoraga_wheel_helmet":1,"minecraft:wheat_seeds":1,"jujutsucraft:clothes_zenin_2_leggings":1,"jujutsucraft:cursed_technique_changer":2,"jujutsucraft:uniform_gojo_leggings":1,"jujutsucraft:uniform_normal_chestplate":1,"minecraft:grass_block":1,"jujutsucraft:sword_of_extermination":1,"minecraft:dirt":1},"minecraft:custom":{"minecraft:time_since_rest":4854,"minecraft:crouch_one_cm":215,"minecraft:play_time":29898,"minecraft:sprint_one_cm":52558,"minecraft:walk_one_cm":153144,"minecraft:damage_taken":8736,"minecraft:deaths":23,"minecraft:sneak_time":24,"minecraft:mob_kills":5,"minecraft:drop":1,"minecraft:damage_dealt_resisted":313,"minecraft:jump":376,"minecraft:time_since_death":4822,"minecraft:total_world_time":29898,"minecraft:fall_one_cm":29040,"minecraft:fly_one_cm":601498,"minecraft:player_kills":1},"minecraft:killed_by":{"jujutsucraft:yoshino_junpei":1,"jujutsucraft:curse_user":1,"minecraft:player":11,"jujutsucraft:cursed_spirit_grade_18":1,"jujutsucraft:cursed_spirit_grade_314":1,"jujutsucraft:cursed_spirit_grade_110":2},"minecraft:killed":{"jujutsucraft:cursed_spirit_grade_322":1,"minecraft:chicken":2},"minecraft:mined":{"minecraft:grass":2},"minecraft:used":{"jujutsucraft:sword_of_extermination":1,"jujutsucraft:clothes_zenin_2_leggings":6,"jujutsucraft:uniform_normal_leggings":4,"jujutsucraft:uniform_normal_boots":1,"jujutsucraft:mahoraga_wheel_helmet":3,"jujutsucraft:uniform_normal_chestplate":2},"minecraft:dropped":{"jujutsucraft:cursed_technique_changer":1}},"DataVersion":3465}