{"stats":{"minecraft:picked_up":{"minecraft:azure_bluet":1,"minecraft:feather":2,"minecraft:chicken":2,"jujutsucraft:mahoraga_wheel_helmet":4,"minecraft:leather":3,"jujutsucraft:cursed_technique_changer":2,"jujutsucraft:uniform_gojo_leggings":1,"jujutsucraft:uniform_normal_chestplate":1,"minecraft:white_bed":1,"minecraft:grass_block":1,"minecraft:dirt":8,"jujutsucraft:uniform_normal_leggings":1,"minecraft:wheat_seeds":1,"jujutsucraft:clothes_zenin_2_leggings":2,"minecraft:grass":1,"minecraft:bread":6,"jujutsucraft:sword_of_extermination":3,"minecraft:white_wool":1},"minecraft:custom":{"minecraft:time_since_rest":416,"minecraft:damage_taken":14115,"minecraft:sprint_one_cm":147316,"minecraft:walk_one_cm":217032,"minecraft:mob_kills":16,"minecraft:drop":4,"minecraft:damage_dealt":46,"minecraft:fly_one_cm":881135,"minecraft:player_kills":5,"minecraft:open_chest":1,"minecraft:crouch_one_cm":215,"minecraft:play_time":46901,"minecraft:deaths":36,"minecraft:bell_ring":15,"minecraft:sneak_time":24,"minecraft:jump":956,"minecraft:damage_dealt_resisted":2285,"minecraft:leave_game":1,"minecraft:walk_on_water_one_cm":686,"minecraft:time_since_death":382,"minecraft:climb_one_cm":424,"minecraft:total_world_time":46901,"minecraft:damage_resisted":1332,"minecraft:fall_one_cm":65981},"minecraft:killed_by":{"jujutsucraft:cursed_spirit_grade_110":2,"jujutsucraft:yoshino_junpei":1,"jujutsucraft:cursed_spirit_grade_15":3,"jujutsucraft:cursed_spirit_grade_311":1,"minecraft:player":19,"jujutsucraft:cursed_spirit_grade_18":1,"jujutsucraft:cursed_spirit_grade_314":1,"jujutsucraft:moon_dregs":1,"jujutsucraft:curse_user":1},"minecraft:killed":{"jujutsucraft:cursed_spirit_grade_32":1,"minecraft:horse":1,"jujutsucraft:cursed_spirit_grade_39":2,"minecraft:chicken":3,"jujutsucraft:cursed_spirit_grade_315":4,"jujutsucraft:cursed_spirit_grade_322":1,"minecraft:villager":1,"jujutsucraft:cursed_spirit_grade_321":1},"minecraft:mined":{"minecraft:white_bed":1,"minecraft:azure_bluet":1,"minecraft:grass":5,"minecraft:grass_block":5,"minecraft:dirt":2},"minecraft:used":{"jujutsucraft:uniform_normal_boots":1,"jujutsucraft:sword_of_extermination":1,"jujutsucraft:clothes_zenin_2_leggings":7,"minecraft:dirt":2,"jujutsucraft:uniform_normal_leggings":4,"jujutsucraft:mahoraga_wheel_helmet":5,"minecraft:azure_bluet":1,"jujutsucraft:uniform_normal_chestplate":2},"minecraft:dropped":{"minecraft:bread":1,"jujutsucraft:cursed_technique_changer":1,"minecraft:leather":1,"jujutsucraft:mahoraga_wheel_helmet":1}},"DataVersion":3465}