{"stats":{"minecraft:picked_up":{"jujutsucraft:cursed_technique_changer":1},"minecraft:custom":{"minecraft:jump":26,"minecraft:time_since_rest":942,"minecraft:deaths":1,"minecraft:crouch_one_cm":60,"minecraft:sprint_one_cm":3570,"minecraft:play_time":5898,"minecraft:damage_taken":678,"minecraft:time_since_death":905,"minecraft:walk_one_cm":7947,"minecraft:sneak_time":8,"minecraft:total_world_time":5898,"minecraft:drop":1,"minecraft:fall_one_cm":418,"minecraft:fly_one_cm":4748},"minecraft:killed_by":{"minecraft:player":1},"minecraft:mined":{"minecraft:grass":1},"minecraft:used":{"jujutsucraft:sword_of_extermination":1,"jujutsucraft:clothes_zenin_2_leggings":1,"jujutsucraft:uniform_normal_boots":1,"jujutsucraft:mahoraga_wheel_helmet":1,"jujutsucraft:uniform_normal_leggings":1,"jujutsucraft:uniform_normal_chestplate":1},"minecraft:dropped":{"jujutsucraft:cursed_technique_changer":1}},"DataVersion":3465}