{"stats":{"minecraft:picked_up":{"jujutsucraft:uniform_normal_leggings":1,"minecraft:chicken":1,"jujutsucraft:mahoraga_wheel_helmet":1,"minecraft:wheat_seeds":1,"jujutsucraft:clothes_zenin_2_leggings":1,"jujutsucraft:cursed_technique_changer":1,"jujutsucraft:uniform_normal_chestplate":1,"jujutsucraft:sword_of_extermination":1},"minecraft:custom":{"minecraft:time_since_rest":232,"minecraft:crouch_one_cm":201,"minecraft:play_time":17898,"minecraft:sprint_one_cm":28229,"minecraft:walk_one_cm":65000,"minecraft:damage_taken":3700,"minecraft:deaths":10,"minecraft:sneak_time":23,"minecraft:drop":1,"minecraft:jump":179,"minecraft:time_since_death":196,"minecraft:total_world_time":17898,"minecraft:fall_one_cm":16627,"minecraft:fly_one_cm":238892,"minecraft:player_kills":1},"minecraft:killed_by":{"minecraft:player":4,"jujutsucraft:cursed_spirit_grade_314":1,"jujutsucraft:cursed_spirit_grade_110":2},"minecraft:mined":{"minecraft:grass":2},"minecraft:used":{"jujutsucraft:sword_of_extermination":1,"jujutsucraft:clothes_zenin_2_leggings":5,"jujutsucraft:uniform_normal_leggings":4,"jujutsucraft:uniform_normal_boots":1,"jujutsucraft:mahoraga_wheel_helmet":2,"jujutsucraft:uniform_normal_chestplate":2},"minecraft:dropped":{"jujutsucraft:cursed_technique_changer":1}},"DataVersion":3465}