{"stats":{"minecraft:picked_up":{"minecraft:crafting_table":4,"minecraft:azure_bluet":1,"jujutsucraft:slaughter_demon":1,"minecraft:chicken":2,"jujutsucraft:uniform_normal_boots":4,"minecraft:golden_sword":1,"jujutsucraft:clothes_zenin_boots":5,"minecraft:iron_axe":3,"jujutsucraft:clothes_zenin_leggings":1,"minecraft:item_frame":6,"minecraft:spruce_planks":3,"minecraft:beef":4,"minecraft:poppy":1,"minecraft:iron_pickaxe":1,"jujutsucraft:sword_of_extermination":3,"minecraft:egg":1,"minecraft:raw_iron":2,"minecraft:composter":1,"jujutsucraft:glasses_maki_chestplate":1,"minecraft:torch":1,"minecraft:spruce_fence":3,"minecraft:stone_sword":1,"jujutsucraft:clothes_fushiguro_toji_leggings":4,"minecraft:hay_block":11,"minecraft:obsidian":7,"minecraft:cobblestone":28,"minecraft:feather":4,"jujutsucraft:uniform_gojo_boots":2,"jujutsucraft:mahoraga_wheel_helmet":5,"minecraft:leather":2,"minecraft:oak_log":11,"minecraft:dirt":5,"jujutsucraft:uniform_normal_leggings":5,"minecraft:stripped_bamboo_block":1,"minecraft:bone":1,"minecraft:apple":6,"minecraft:stonecutter":1,"minecraft:bow":1,"minecraft:wheat_seeds":1,"minecraft:iron_ingot":5,"jujutsucraft:clothes_zenin_2_leggings":3,"minecraft:oak_planks":18,"minecraft:iron_sword":1,"jujutsucraft:dragon_bone":1,"minecraft:dandelion":1,"jujutsucraft:uniform_gojo_leggings":2,"jujutsucraft:uniform_normal_chestplate":5,"minecraft:ink_sac":2,"jujutsucraft:uniform_gojo_chestplate":2,"jujutsucraft:uniform_gojo_helmet":2,"minecraft:white_bed":2,"minecraft:spectral_arrow":1,"minecraft:barrel":6,"minecraft:stone_axe":1,"minecraft:iron_helmet":1,"minecraft:grass":2,"jujutsucraft:clothes_sukuna_fushiguro_chestplate":5,"minecraft:dark_oak_fence":1,"minecraft:dark_oak_wood":13},"minecraft:custom":{"minecraft:mob_kills":52,"minecraft:interact_with_crafting_table":9,"minecraft:open_barrel":8,"minecraft:damage_dealt_resisted":7060,"minecraft:time_since_death":0,"minecraft:climb_one_cm":453,"minecraft:damage_resisted":4409,"minecraft:sprint_one_cm":193215,"minecraft:walk_one_cm":264442,"minecraft:drop":28,"minecraft:play_time":105885,"minecraft:deaths":58,"minecraft:sneak_time":3281,"minecraft:walk_under_water_one_cm":53,"minecraft:jump":2480,"minecraft:walk_on_water_one_cm":305,"minecraft:total_world_time":105885,"minecraft:time_since_rest":17418,"minecraft:damage_taken":24644,"minecraft:damage_dealt":938,"minecraft:swim_one_cm":816,"minecraft:fly_one_cm":1645680,"minecraft:player_kills":7,"minecraft:open_chest":11,"minecraft:crouch_one_cm":8950,"minecraft:fall_one_cm":190232},"minecraft:killed_by":{"jujutsucraft:cursed_spirit_grade_15":2,"jujutsucraft:cursed_spirit_grade_311":1,"minecraft:player":14,"jujutsucraft:cursed_spirit_grade_16":2,"jujutsucraft:cursed_spirit_grade_312":2,"jujutsucraft:cursed_spirit_grade_22":1,"jujutsucraft:zenin_naoya_cursed_spirit_1":1,"jujutsucraft:cursed_spirit_grade_110":2,"jujutsucraft:cursed_spirit_grade_09":1,"jujutsucraft:panda_normal":1,"jujutsucraft:sukuna":7,"jujutsucraft:rozetsu":1,"jujutsucraft:sukuna_fushiguro":1,"jujutsucraft:reggie_star":3,"jujutsucraft:kumiya_juzo":1,"jujutsucraft:zenin_naoya":1,"jujutsucraft:q":1,"jujutsucraft:shigemo_haruta":1,"jujutsucraft:cursed_spirit_grade_29":1},"minecraft:killed":{"jujutsucraft:cursed_spirit_grade_32":2,"jujutsucraft:cursed_spirit_grade_33":3,"jujutsucraft:doll_1":3,"jujutsucraft:cursed_spirit_grade_318":1,"jujutsucraft:cursed_spirit_grade_39":10,"jujutsucraft:cursed_spirit_grade_15":1,"jujutsucraft:cursed_spirit_grade_317":3,"jujutsucraft:cursed_spirit_grade_38":1,"jujutsucraft:cursed_spirit_grade_34":3,"minecraft:cat":1,"minecraft:iron_golem":1,"jujutsucraft:curse_user":1,"jujutsucraft:cursed_spirit_grade_321":2,"jujutsucraft:cursed_spirit_grade_314":2,"jujutsucraft:cursed_spirit_grade_311":1,"jujutsucraft:cursed_spirit_grade_36":2,"jujutsucraft:cursed_spirit_grade_315":1,"jujutsucraft:cursed_spirit_grade_319":1,"jujutsucraft:cursed_spirit_grade_322":2,"minecraft:cow":5},"minecraft:mined":{"minecraft:spruce_planks":3,"minecraft:white_bed":1,"minecraft:gray_stained_glass_pane":1,"minecraft:grass_block":2,"minecraft:spruce_fence":2,"minecraft:composter":1,"minecraft:hay_block":11,"minecraft:iron_ore":2,"minecraft:fire":1,"minecraft:barrel":6,"minecraft:azure_bluet":1,"minecraft:vine":1,"minecraft:stripped_bamboo_block":1,"minecraft:stone":19,"minecraft:dandelion":1,"minecraft:crafting_table":3,"minecraft:dark_oak_wood":13,"minecraft:poppy":1,"minecraft:tall_grass":8,"minecraft:cobblestone":9,"minecraft:sculk":5,"minecraft:wall_torch":1,"minecraft:grass":19,"minecraft:oak_log":11,"minecraft:dirt":1,"minecraft:stonecutter":1,"minecraft:oak_leaves":5},"minecraft:used":{"minecraft:stone_sword":6,"minecraft:poppy":1,"minecraft:spruce_planks":3,"minecraft:grass":2,"minecraft:dirt":4,"jujutsucraft:clothes_fushiguro_toji_leggings":4,"jujutsucraft:mahoraga_frog_spawn_egg":1,"minecraft:spruce_fence":3,"minecraft:azure_bluet":1,"jujutsucraft:uniform_gojo_chestplate":1,"jujutsucraft:clothes_zenin_boots":6,"minecraft:dark_oak_planks":9,"minecraft:iron_axe":6,"jujutsucraft:uniform_gojo_helmet":1,"minecraft:iron_helmet":2,"jujutsucraft:clothes_sukuna_fushiguro_chestplate":6,"minecraft:item_frame":6,"jujutsucraft:uniform_gojo_leggings":1,"minecraft:egg":1,"minecraft:stone_pickaxe":25,"minecraft:wooden_pickaxe":6,"jujutsucraft:uniform_normal_boots":1,"minecraft:composter":1,"minecraft:stonecutter":1,"jujutsucraft:uniform_gojo_boots":1,"minecraft:crafting_table":3,"jujutsucraft:uniform_normal_chestplate":2,"minecraft:stripped_bamboo_block":1,"jujutsucraft:dragon_bone":3,"minecraft:stone_axe":27,"minecraft:cobblestone":20,"jujutsucraft:clothes_zenin_leggings":2,"jujutsucraft:uniform_normal_leggings":1,"minecraft:dark_oak_fence":1,"jujutsucraft:sukuna_spawn_egg":2,"minecraft:dandelion":1},"minecraft:dropped":{"minecraft:feather":1,"jujutsucraft:dragon_bone":1,"jujutsucraft:sword_of_extermination":2,"jujutsucraft:uniform_gojo_boots":2,"jujutsucraft:uniform_normal_leggings":3,"jujutsucraft:uniform_gojo_leggings":2,"jujutsucraft:cursed_technique_changer":2,"jujutsucraft:glasses_maki_chestplate":1,"jujutsucraft:uniform_normal_chestplate":3,"jujutsucraft:clothes_zenin_2_leggings":1,"jujutsucraft:uniform_gojo_helmet":2,"jujutsucraft:uniform_normal_boots":2,"jujutsucraft:mahoraga_wheel_helmet":4,"jujutsucraft:uniform_gojo_chestplate":2},"minecraft:crafted":{"minecraft:oak_planks":24,"minecraft:iron_axe":1,"minecraft:stone_pickaxe":1,"minecraft:dark_oak_planks":52,"minecraft:wheat":99,"minecraft:crafting_table":2,"minecraft:wooden_pickaxe":1,"minecraft:stone_axe":1,"minecraft:bread":33,"minecraft:stick":12,"minecraft:iron_pickaxe":1,"minecraft:stone_sword":1}},"DataVersion":3465}