{"stats":{"minecraft:picked_up":{"minecraft:mutton":2,"minecraft:white_wool":1},"minecraft:custom":{"minecraft:time_since_rest":295,"minecraft:crouch_one_cm":124,"minecraft:play_time":3225,"minecraft:sprint_one_cm":8997,"minecraft:walk_one_cm":15987,"minecraft:damage_taken":698,"minecraft:deaths":2,"minecraft:sneak_time":84,"minecraft:walk_under_water_one_cm":1324,"minecraft:mob_kills":4,"minecraft:damage_dealt_resisted":433,"minecraft:jump":106,"minecraft:damage_dealt":9,"minecraft:leave_game":1,"minecraft:time_since_death":0,"minecraft:walk_on_water_one_cm":1135,"minecraft:total_world_time":3225,"minecraft:swim_one_cm":1497,"minecraft:fall_one_cm":1071,"minecraft:fly_one_cm":46136},"minecraft:killed_by":{"jujutsucraft:cursed_spirit_grade_34":1,"jujutsucraft:cursed_spirit_grade_311":1},"minecraft:mined":{"minecraft:grass":1},"minecraft:used":{"jujutsucraft:uniform_normal_leggings":1,"jujutsucraft:uniform_normal_boots":1,"jujutsucraft:uniform_normal_chestplate":1},"minecraft:killed":{"jujutsucraft:cursed_spirit_grade_36":1,"minecraft:sheep":1,"jujutsucraft:cursed_spirit_grade_33":1,"jujutsucraft:cursed_spirit_grade_319":1}},"DataVersion":3465}