{"stats":{"minecraft:picked_up":{"minecraft:crafting_table":4,"minecraft:azure_bluet":1,"jujutsucraft:slaughter_demon":1,"minecraft:chicken":2,"jujutsucraft:uniform_normal_boots":4,"minecraft:golden_sword":1,"jujutsucraft:clothes_zenin_boots":5,"minecraft:iron_axe":3,"jujutsucraft:gavel_big":1,"jujutsucraft:clothes_zenin_leggings":2,"minecraft:item_frame":6,"minecraft:spruce_planks":3,"minecraft:beef":6,"minecraft:poppy":1,"minecraft:iron_pickaxe":1,"jujutsucraft:sword_of_extermination":3,"minecraft:egg":1,"minecraft:raw_iron":2,"jujutsucraft:sickle":1,"minecraft:composter":1,"jujutsucraft:glasses_maki_chestplate":1,"minecraft:porkchop":3,"minecraft:torch":1,"minecraft:spruce_fence":3,"jujutsucraft:gavel":1,"minecraft:stone_sword":2,"jujutsucraft:clothes_fushiguro_toji_leggings":5,"minecraft:hay_block":11,"minecraft:mutton":3,"minecraft:obsidian":7,"minecraft:white_wool":1,"minecraft:cobblestone":28,"minecraft:feather":4,"jujutsucraft:uniform_gojo_boots":2,"jujutsucraft:mahoraga_wheel_helmet":5,"jujutsucraft:g_staff":1,"minecraft:leather":5,"minecraft:oak_log":11,"minecraft:dirt":9,"jujutsucraft:uniform_normal_leggings":6,"minecraft:stripped_bamboo_block":1,"minecraft:bone":1,"minecraft:apple":6,"minecraft:bow":1,"minecraft:stonecutter":1,"minecraft:wheat_seeds":1,"minecraft:iron_ingot":5,"jujutsucraft:clothes_zenin_2_leggings":3,"minecraft:oak_planks":18,"minecraft:iron_sword":1,"jujutsucraft:dragon_bone":1,"minecraft:dandelion":1,"jujutsucraft:uniform_gojo_leggings":2,"jujutsucraft:uniform_normal_chestplate":5,"minecraft:white_bed":2,"minecraft:ink_sac":10,"jujutsucraft:uniform_gojo_chestplate":2,"jujutsucraft:uniform_gojo_helmet":2,"minecraft:grass_block":2,"minecraft:spectral_arrow":1,"minecraft:barrel":6,"minecraft:polished_diorite":1,"minecraft:stone_axe":1,"minecraft:iron_helmet":1,"minecraft:grass":2,"jujutsucraft:clothes_sukuna_fushiguro_chestplate":5,"minecraft:dark_oak_fence":1,"minecraft:dark_oak_wood":13},"minecraft:custom":{"minecraft:mob_kills":833,"minecraft:interact_with_crafting_table":9,"minecraft:open_barrel":10,"minecraft:damage_dealt_resisted":471352,"minecraft:time_since_death":7468,"minecraft:climb_one_cm":453,"minecraft:damage_resisted":19805,"minecraft:sprint_one_cm":318245,"minecraft:walk_one_cm":402243,"minecraft:drop":40,"minecraft:play_time":159034,"minecraft:sneak_time":5451,"minecraft:deaths":82,"minecraft:walk_under_water_one_cm":2654,"minecraft:jump":3913,"minecraft:walk_on_water_one_cm":5832,"minecraft:total_world_time":159034,"minecraft:time_since_rest":7517,"minecraft:damage_taken":36557,"minecraft:damage_dealt":2693,"minecraft:player_kills":23,"minecraft:swim_one_cm":8972,"minecraft:fly_one_cm":2688729,"minecraft:open_chest":12,"minecraft:crouch_one_cm":13442,"minecraft:fall_one_cm":317067},"minecraft:mined":{"minecraft:spruce_planks":3,"minecraft:white_bed":1,"minecraft:gray_stained_glass_pane":1,"minecraft:spruce_fence":2,"minecraft:grass_block":4,"minecraft:polished_diorite":1,"minecraft:composter":1,"minecraft:hay_block":11,"minecraft:iron_ore":2,"minecraft:barrel":6,"minecraft:fire":1,"minecraft:azure_bluet":1,"minecraft:vine":1,"minecraft:stripped_bamboo_block":1,"minecraft:stone":19,"minecraft:dandelion":1,"minecraft:crafting_table":3,"minecraft:dark_oak_wood":13,"minecraft:poppy":1,"minecraft:tall_grass":15,"minecraft:cobblestone":9,"minecraft:wall_torch":1,"minecraft:sculk":5,"minecraft:grass":19,"minecraft:oak_log":11,"minecraft:dirt":1,"minecraft:stonecutter":1,"minecraft:oak_leaves":5},"minecraft:killed":{"jujutsucraft:mimiko":1,"jujutsucraft:cursed_spirit_grade_32":37,"jujutsucraft:transfigured_human_3":16,"jujutsucraft:cursed_spirit_grade_21":1,"jujutsucraft:cursed_spirit_grade_31":10,"jujutsucraft:inumaki_toge":5,"jujutsucraft:cursed_spirit_grade_33":23,"jujutsucraft:reggie_star":1,"jujutsucraft:daido_hagane":1,"jujutsucraft:nanako":3,"jujutsucraft:cursed_spirit_grade_11":1,"jujutsucraft:doll_1":8,"jujutsucraft:liquid_metal":2,"jujutsucraft:cursed_spirit_grade_24":3,"jujutsucraft:cursed_spirit_grade_37":3,"jujutsucraft:cursed_spirit_grade_35":3,"jujutsucraft:yoshino_junpei":2,"jujutsucraft:cursed_spirit_grade_318":15,"jujutsucraft:cursed_spirit_grade_316":12,"jujutsucraft:cursed_spirit_grade_26":1,"minecraft:dolphin":2,"jujutsucraft:transfigured_human_2":8,"jujutsucraft:cursed_spirit_grade_03":1,"jujutsucraft:miwa_kasumi":1,"minecraft:horse":2,"jujutsucraft:cursed_spirit_grade_39":41,"jujutsucraft:fox_fire":16,"jujutsucraft:shigemo_haruta":1,"jujutsucraft:cursed_spirit_grade_312":6,"jujutsucraft:cursed_spirit_grade_313":10,"jujutsucraft:cursed_spirit_grade_215":1,"jujutsucraft:larue":1,"minecraft:bee":1,"jujutsucraft:cursed_spirit_grade_15":2,"minecraft:chicken":26,"jujutsucraft:kechizu":1,"jujutsucraft:cursed_spirit_grade_19":2,"jujutsucraft:toad":1,"jujutsucraft:rabbit_escape":3,"jujutsucraft:panda_normal":3,"jujutsucraft:rozetsu_shikigami":3,"jujutsucraft:cursed_spirit_grade_08":2,"jujutsucraft:cursed_spirit_grade_23":1,"jujutsucraft:zenin_ogi":2,"jujutsucraft:cursed_spirit_grade_214":1,"jujutsucraft:cursed_spirit_grade_317":30,"jujutsucraft:cursed_spirit_grade_34":25,"jujutsucraft:cursed_spirit_grade_38":14,"jujutsucraft:transfigured_human_1":8,"jujutsucraft:kurusu_hana":2,"jujutsucraft:nobara_kugisaki":2,"jujutsucraft:cursed_spirit_grade_27":2,"minecraft:cat":5,"jujutsucraft:cursed_spirit_grade_210":1,"minecraft:wolf":8,"minecraft:pig":12,"jujutsucraft:kukuru":12,"jujutsucraft:jujutsu_sorcerer":16,"minecraft:salmon":25,"minecraft:iron_golem":1,"jujutsucraft:curse_user_1":14,"jujutsucraft:cursed_spirit_grade_211":5,"jujutsucraft:curse_user":14,"jujutsucraft:itadori_yuji":2,"minecraft:squid":71,"jujutsucraft:cursed_spirit_grade_321":21,"minecraft:sheep":27,"jujutsucraft:panda_gorilla":2,"jujutsucraft:cursed_spirit_grade_29":3,"jujutsucraft:cursed_spirit_grade_28":1,"jujutsucraft:blue":1,"jujutsucraft:cursed_spirit_grade_314":33,"jujutsucraft:crow":5,"jujutsucraft:cursed_spirit_grade_311":11,"jujutsucraft:cursed_spirit_grade_310":8,"jujutsucraft:negi_toshihisa":6,"jujutsucraft:slicing_exorcism":2,"jujutsucraft:cursed_spirit_grade_36":25,"jujutsucraft:cursed_spirit_grade_25":2,"jujutsucraft:moon_dregs":6,"jujutsucraft:cursed_spirit_grade_315":18,"jujutsucraft:kashimo_hajime":1,"jujutsucraft:cursed_spirit_grade_212":2,"jujutsucraft:cursed_spirit_grade_319":31,"jujutsucraft:takaba_fumihiko":1,"jujutsucraft:hoshi_kirara":1,"jujutsucraft:cursed_spirit_grade_322":19,"jujutsucraft:ice_spear":2,"jujutsucraft:cursed_spirit_grade_06":1,"jujutsucraft:kamo_noritoshi":2,"jujutsucraft:q":5,"jujutsucraft:wooden_ball_1":3,"minecraft:cow":21,"jujutsucraft:fushiguro_megumi":2,"jujutsucraft:ogami":3},"minecraft:dropped":{"minecraft:feather":1,"minecraft:leather":2,"jujutsucraft:gavel":1,"jujutsucraft:clothes_zenin_leggings":1,"minecraft:ink_sac":8,"minecraft:mutton":3,"jujutsucraft:dragon_bone":1,"jujutsucraft:sword_of_extermination":2,"jujutsucraft:uniform_gojo_boots":2,"jujutsucraft:uniform_normal_leggings":4,"minecraft:stone_sword":1,"jujutsucraft:uniform_gojo_leggings":2,"jujutsucraft:cursed_technique_changer":2,"jujutsucraft:glasses_maki_chestplate":1,"jujutsucraft:uniform_normal_chestplate":3,"minecraft:skeleton_skull":1,"jujutsucraft:clothes_zenin_2_leggings":1,"jujutsucraft:uniform_gojo_helmet":2,"jujutsucraft:uniform_normal_boots":2,"jujutsucraft:gavel_long":1,"jujutsucraft:mahoraga_wheel_helmet":4,"jujutsucraft:uniform_gojo_chestplate":2},"minecraft:used":{"minecraft:stone_sword":8,"minecraft:poppy":1,"minecraft:spruce_planks":3,"minecraft:grass":2,"minecraft:dirt":8,"jujutsucraft:clothes_fushiguro_toji_leggings":6,"jujutsucraft:mahoraga_frog_spawn_egg":1,"minecraft:spruce_fence":3,"minecraft:azure_bluet":1,"jujutsucraft:uniform_gojo_chestplate":1,"jujutsucraft:clothes_zenin_boots":6,"minecraft:dark_oak_planks":9,"minecraft:iron_axe":6,"minecraft:grass_block":1,"jujutsucraft:uniform_gojo_helmet":1,"minecraft:iron_helmet":2,"jujutsucraft:clothes_sukuna_fushiguro_chestplate":6,"minecraft:barrel":6,"minecraft:item_frame":6,"jujutsucraft:uniform_gojo_leggings":1,"minecraft:skeleton_skull":8,"minecraft:egg":1,"minecraft:stone_pickaxe":26,"minecraft:wooden_pickaxe":6,"jujutsucraft:uniform_normal_boots":1,"minecraft:composter":1,"minecraft:stonecutter":1,"minecraft:white_wool":1,"jujutsucraft:uniform_gojo_boots":1,"minecraft:crafting_table":3,"jujutsucraft:uniform_normal_chestplate":2,"minecraft:stripped_bamboo_block":1,"jujutsucraft:dragon_bone":3,"minecraft:stone_axe":27,"minecraft:cobblestone":20,"jujutsucraft:clothes_zenin_leggings":3,"jujutsucraft:uniform_normal_leggings":1,"minecraft:dark_oak_fence":1,"jujutsucraft:sukuna_spawn_egg":2,"minecraft:dandelion":1},"minecraft:crafted":{"minecraft:oak_planks":24,"minecraft:iron_axe":1,"minecraft:stone_pickaxe":1,"minecraft:dark_oak_planks":52,"minecraft:wheat":99,"minecraft:crafting_table":2,"minecraft:wooden_pickaxe":1,"minecraft:stone_axe":1,"minecraft:bread":33,"minecraft:stick":12,"minecraft:iron_pickaxe":1,"minecraft:stone_sword":1},"minecraft:killed_by":{"jujutsucraft:cursed_spirit_grade_25":1,"jujutsucraft:cursed_spirit_grade_15":2,"jujutsucraft:cursed_spirit_grade_311":1,"minecraft:player":25,"jujutsucraft:cursed_spirit_grade_16":2,"jujutsucraft:cursed_spirit_grade_312":2,"jujutsucraft:cursed_spirit_grade_13":1,"jujutsucraft:cursed_spirit_grade_22":2,"jujutsucraft:zenin_naoya_cursed_spirit_1":1,"jujutsucraft:cursed_spirit_grade_110":2,"jujutsucraft:nanami_kento":1,"jujutsucraft:cursed_spirit_grade_09":1,"jujutsucraft:panda_normal":1,"jujutsucraft:fushiguro_megumi":1,"jujutsucraft:sukuna":7,"jujutsucraft:cursed_spirit_grade_314":1,"jujutsucraft:cursed_spirit_grade_04":1,"jujutsucraft:itadori_yuji_shinjuku":1,"jujutsucraft:cursed_spirit_grade_27":1,"jujutsucraft:rozetsu":1,"jujutsucraft:sukuna_fushiguro":1,"jujutsucraft:reggie_star":3,"jujutsucraft:kumiya_juzo":1,"jujutsucraft:uraume":1,"jujutsucraft:zenin_naoya":1,"jujutsucraft:q":1,"jujutsucraft:shigemo_haruta":1,"jujutsucraft:cursed_spirit_grade_29":1,"jujutsucraft:eight_handled_swrod_divergent_sila_divine_general_mahoraga":3}},"DataVersion":3465}