{"stats":{"minecraft:picked_up":{"minecraft:crafting_table":4,"minecraft:azure_bluet":1,"jujutsucraft:slaughter_demon":1,"minecraft:chicken":2,"jujutsucraft:uniform_normal_boots":4,"minecraft:golden_sword":1,"jujutsucraft:clothes_zenin_boots":5,"minecraft:iron_axe":3,"jujutsucraft:clothes_zenin_leggings":1,"minecraft:item_frame":6,"minecraft:spruce_planks":1,"minecraft:beef":4,"minecraft:poppy":1,"minecraft:iron_pickaxe":1,"jujutsucraft:sword_of_extermination":3,"minecraft:egg":1,"minecraft:raw_iron":2,"minecraft:composter":1,"jujutsucraft:glasses_maki_chestplate":1,"minecraft:torch":1,"minecraft:spruce_fence":2,"minecraft:stone_sword":1,"jujutsucraft:clothes_fushiguro_toji_leggings":4,"minecraft:hay_block":11,"minecraft:obsidian":7,"minecraft:cobblestone":28,"minecraft:feather":4,"jujutsucraft:uniform_gojo_boots":2,"jujutsucraft:mahoraga_wheel_helmet":5,"minecraft:leather":2,"minecraft:oak_log":11,"minecraft:dirt":5,"jujutsucraft:uniform_normal_leggings":5,"minecraft:bone":1,"minecraft:apple":6,"minecraft:stonecutter":1,"minecraft:bow":1,"minecraft:wheat_seeds":1,"minecraft:iron_ingot":5,"jujutsucraft:clothes_zenin_2_leggings":3,"minecraft:oak_planks":18,"minecraft:iron_sword":1,"jujutsucraft:dragon_bone":1,"minecraft:dandelion":1,"jujutsucraft:uniform_gojo_leggings":2,"jujutsucraft:uniform_normal_chestplate":5,"minecraft:ink_sac":2,"jujutsucraft:uniform_gojo_chestplate":2,"jujutsucraft:uniform_gojo_helmet":2,"minecraft:white_bed":2,"minecraft:spectral_arrow":1,"minecraft:barrel":6,"minecraft:stone_axe":1,"minecraft:iron_helmet":1,"minecraft:grass":2,"jujutsucraft:clothes_sukuna_fushiguro_chestplate":5,"minecraft:dark_oak_wood":13},"minecraft:custom":{"minecraft:mob_kills":39,"minecraft:interact_with_crafting_table":9,"minecraft:open_barrel":8,"minecraft:damage_dealt_resisted":5748,"minecraft:time_since_death":328,"minecraft:climb_one_cm":453,"minecraft:damage_resisted":2477,"minecraft:sprint_one_cm":165445,"minecraft:walk_one_cm":235712,"minecraft:drop":28,"minecraft:play_time":69885,"minecraft:deaths":41,"minecraft:sneak_time":2409,"minecraft:walk_under_water_one_cm":53,"minecraft:jump":2104,"minecraft:walk_on_water_one_cm":305,"minecraft:total_world_time":69885,"minecraft:time_since_rest":357,"minecraft:damage_taken":16916,"minecraft:damage_dealt":854,"minecraft:swim_one_cm":816,"minecraft:fly_one_cm":1504906,"minecraft:player_kills":7,"minecraft:open_chest":7,"minecraft:crouch_one_cm":7523,"minecraft:fall_one_cm":154282},"minecraft:killed_by":{"jujutsucraft:cursed_spirit_grade_15":2,"jujutsucraft:cursed_spirit_grade_311":1,"minecraft:player":9,"jujutsucraft:cursed_spirit_grade_16":2,"jujutsucraft:cursed_spirit_grade_312":2,"jujutsucraft:cursed_spirit_grade_22":1,"jujutsucraft:zenin_naoya_cursed_spirit_1":1,"jujutsucraft:cursed_spirit_grade_110":2,"jujutsucraft:cursed_spirit_grade_09":1,"jujutsucraft:panda_normal":1,"jujutsucraft:rozetsu":1,"jujutsucraft:reggie_star":3,"jujutsucraft:q":1,"jujutsucraft:shigemo_haruta":1},"minecraft:killed":{"jujutsucraft:cursed_spirit_grade_32":2,"jujutsucraft:cursed_spirit_grade_33":3,"jujutsucraft:doll_1":3,"jujutsucraft:cursed_spirit_grade_318":1,"jujutsucraft:cursed_spirit_grade_39":8,"jujutsucraft:cursed_spirit_grade_15":1,"jujutsucraft:cursed_spirit_grade_34":2,"minecraft:cat":1,"minecraft:iron_golem":1,"jujutsucraft:cursed_spirit_grade_314":1,"jujutsucraft:cursed_spirit_grade_311":1,"jujutsucraft:cursed_spirit_grade_36":2,"jujutsucraft:cursed_spirit_grade_319":1,"jujutsucraft:cursed_spirit_grade_322":1,"minecraft:cow":5},"minecraft:mined":{"minecraft:spruce_planks":1,"minecraft:white_bed":1,"minecraft:grass_block":2,"minecraft:spruce_fence":2,"minecraft:composter":1,"minecraft:hay_block":11,"minecraft:iron_ore":2,"minecraft:fire":1,"minecraft:barrel":6,"minecraft:azure_bluet":1,"minecraft:vine":1,"minecraft:stone":19,"minecraft:dandelion":1,"minecraft:crafting_table":3,"minecraft:dark_oak_wood":13,"minecraft:poppy":1,"minecraft:tall_grass":8,"minecraft:cobblestone":9,"minecraft:sculk":5,"minecraft:wall_torch":1,"minecraft:grass":19,"minecraft:oak_log":11,"minecraft:dirt":1,"minecraft:stonecutter":1,"minecraft:oak_leaves":5},"minecraft:used":{"minecraft:stone_sword":6,"minecraft:poppy":1,"minecraft:grass":2,"minecraft:dirt":4,"jujutsucraft:clothes_fushiguro_toji_leggings":4,"jujutsucraft:mahoraga_frog_spawn_egg":1,"minecraft:azure_bluet":1,"jujutsucraft:uniform_gojo_chestplate":1,"jujutsucraft:clothes_zenin_boots":6,"minecraft:dark_oak_planks":9,"minecraft:iron_axe":3,"jujutsucraft:uniform_gojo_helmet":1,"minecraft:iron_helmet":2,"jujutsucraft:clothes_sukuna_fushiguro_chestplate":6,"minecraft:item_frame":6,"jujutsucraft:uniform_gojo_leggings":1,"minecraft:egg":1,"minecraft:stone_pickaxe":25,"minecraft:wooden_pickaxe":6,"jujutsucraft:uniform_normal_boots":1,"minecraft:composter":1,"jujutsucraft:uniform_gojo_boots":1,"minecraft:crafting_table":3,"jujutsucraft:uniform_normal_chestplate":2,"jujutsucraft:dragon_bone":3,"minecraft:stone_axe":27,"minecraft:cobblestone":5,"jujutsucraft:clothes_zenin_leggings":2,"jujutsucraft:uniform_normal_leggings":1,"minecraft:dandelion":1},"minecraft:dropped":{"minecraft:feather":1,"jujutsucraft:dragon_bone":1,"jujutsucraft:sword_of_extermination":2,"jujutsucraft:uniform_gojo_boots":2,"jujutsucraft:uniform_normal_leggings":3,"jujutsucraft:uniform_gojo_leggings":2,"jujutsucraft:cursed_technique_changer":2,"jujutsucraft:glasses_maki_chestplate":1,"jujutsucraft:uniform_normal_chestplate":3,"jujutsucraft:clothes_zenin_2_leggings":1,"jujutsucraft:uniform_gojo_helmet":2,"jujutsucraft:uniform_normal_boots":2,"jujutsucraft:mahoraga_wheel_helmet":4,"jujutsucraft:uniform_gojo_chestplate":2},"minecraft:crafted":{"minecraft:oak_planks":24,"minecraft:iron_axe":1,"minecraft:stone_pickaxe":1,"minecraft:dark_oak_planks":52,"minecraft:wheat":99,"minecraft:crafting_table":2,"minecraft:wooden_pickaxe":1,"minecraft:stone_axe":1,"minecraft:bread":33,"minecraft:stick":12,"minecraft:iron_pickaxe":1,"minecraft:stone_sword":1}},"DataVersion":3465}