{"stats":{"minecraft:picked_up":{"jujutsucraft:uniform_gojo_boots":2,"jujutsucraft:uniform_normal_boots":2,"jujutsucraft:uniform_gojo_leggings":2,"jujutsucraft:uniform_normal_chestplate":2,"jujutsucraft:uniform_gojo_chestplate":2,"jujutsucraft:uniform_gojo_helmet":2,"minecraft:white_bed":1,"jujutsucraft:clothes_zenin_boots":3,"jujutsucraft:uniform_normal_leggings":2,"jujutsucraft:clothes_fushiguro_toji_leggings":3,"minecraft:hay_block":9,"minecraft:iron_ingot":4,"jujutsucraft:clothes_sukuna_fushiguro_chestplate":3},"minecraft:custom":{"minecraft:time_since_rest":3259,"minecraft:sprint_one_cm":24066,"minecraft:damage_taken":1085,"minecraft:walk_one_cm":50969,"minecraft:mob_kills":6,"minecraft:drop":11,"minecraft:damage_dealt":67,"minecraft:fly_one_cm":100892,"minecraft:player_kills":2,"minecraft:open_chest":1,"minecraft:crouch_one_cm":1158,"minecraft:play_time":16234,"minecraft:deaths":3,"minecraft:sneak_time":375,"minecraft:jump":263,"minecraft:time_since_death":3232,"minecraft:climb_one_cm":24,"minecraft:total_world_time":16234,"minecraft:fall_one_cm":9050},"minecraft:killed_by":{"minecraft:player":2},"minecraft:killed":{"minecraft:cat":1,"jujutsucraft:cursed_spirit_grade_314":1,"jujutsucraft:doll_1":2,"minecraft:iron_golem":1,"minecraft:cow":1},"minecraft:mined":{"minecraft:hay_block":9,"minecraft:white_bed":1,"minecraft:grass":5,"minecraft:tall_grass":2},"minecraft:used":{"jujutsucraft:clothes_zenin_boots":4,"jujutsucraft:uniform_gojo_helmet":1,"jujutsucraft:uniform_normal_boots":1,"jujutsucraft:clothes_sukuna_fushiguro_chestplate":4,"jujutsucraft:uniform_gojo_leggings":1,"jujutsucraft:uniform_gojo_boots":1,"jujutsucraft:uniform_normal_leggings":1,"jujutsucraft:clothes_fushiguro_toji_leggings":4,"jujutsucraft:uniform_normal_chestplate":1,"jujutsucraft:uniform_gojo_chestplate":1},"minecraft:dropped":{"jujutsucraft:uniform_gojo_boots":1,"jujutsucraft:uniform_normal_leggings":2,"jujutsucraft:uniform_gojo_leggings":1,"jujutsucraft:cursed_technique_changer":1,"jujutsucraft:uniform_gojo_helmet":1,"jujutsucraft:uniform_normal_boots":2,"jujutsucraft:uniform_normal_chestplate":2,"jujutsucraft:uniform_gojo_chestplate":1}},"DataVersion":3465}