{"stats":{"minecraft:picked_up":{"minecraft:crafting_table":2,"minecraft:feather":1,"minecraft:azure_bluet":1,"jujutsucraft:uniform_gojo_boots":2,"jujutsucraft:mahoraga_wheel_helmet":3,"minecraft:leather":2,"jujutsucraft:uniform_normal_boots":4,"minecraft:oak_log":6,"jujutsucraft:clothes_zenin_boots":5,"minecraft:dirt":2,"jujutsucraft:uniform_normal_leggings":5,"minecraft:iron_axe":1,"jujutsucraft:clothes_zenin_leggings":1,"minecraft:apple":5,"minecraft:wheat_seeds":1,"minecraft:iron_ingot":5,"jujutsucraft:clothes_zenin_2_leggings":3,"minecraft:beef":4,"minecraft:poppy":1,"minecraft:iron_pickaxe":1,"jujutsucraft:sword_of_extermination":3,"minecraft:oak_planks":18,"minecraft:egg":1,"minecraft:torch":1,"minecraft:dandelion":1,"jujutsucraft:uniform_gojo_leggings":2,"jujutsucraft:uniform_normal_chestplate":5,"minecraft:ink_sac":2,"jujutsucraft:uniform_gojo_chestplate":2,"jujutsucraft:uniform_gojo_helmet":2,"minecraft:white_bed":2,"jujutsucraft:clothes_fushiguro_toji_leggings":4,"minecraft:hay_block":9,"minecraft:iron_helmet":1,"minecraft:grass":2,"jujutsucraft:clothes_sukuna_fushiguro_chestplate":5,"minecraft:obsidian":7},"minecraft:custom":{"minecraft:mob_kills":12,"minecraft:interact_with_crafting_table":1,"minecraft:damage_dealt_resisted":558,"minecraft:time_since_death":753,"minecraft:climb_one_cm":24,"minecraft:damage_resisted":568,"minecraft:time_since_rest":791,"minecraft:sprint_one_cm":88134,"minecraft:damage_taken":9278,"minecraft:walk_one_cm":137408,"minecraft:drop":22,"minecraft:damage_dealt":69,"minecraft:swim_one_cm":816,"minecraft:player_kills":5,"minecraft:fly_one_cm":894569,"minecraft:open_chest":5,"minecraft:crouch_one_cm":2254,"minecraft:play_time":40234,"minecraft:deaths":23,"minecraft:sneak_time":725,"minecraft:walk_under_water_one_cm":53,"minecraft:jump":1233,"minecraft:walk_on_water_one_cm":305,"minecraft:total_world_time":40234,"minecraft:fall_one_cm":82731},"minecraft:killed_by":{"jujutsucraft:cursed_spirit_grade_311":1,"minecraft:player":5,"jujutsucraft:cursed_spirit_grade_16":2,"jujutsucraft:cursed_spirit_grade_312":2,"jujutsucraft:cursed_spirit_grade_22":1,"jujutsucraft:zenin_naoya_cursed_spirit_1":1,"jujutsucraft:cursed_spirit_grade_110":2,"jujutsucraft:q":1},"minecraft:killed":{"minecraft:cat":1,"jujutsucraft:cursed_spirit_grade_33":1,"jujutsucraft:doll_1":2,"minecraft:iron_golem":1,"jujutsucraft:cursed_spirit_grade_318":1,"jujutsucraft:cursed_spirit_grade_314":1,"jujutsucraft:cursed_spirit_grade_319":1,"minecraft:cow":3},"minecraft:mined":{"minecraft:white_bed":1,"minecraft:dandelion":1,"minecraft:crafting_table":1,"minecraft:poppy":1,"minecraft:tall_grass":7,"minecraft:wall_torch":1,"minecraft:hay_block":9,"minecraft:azure_bluet":1,"minecraft:grass":16,"minecraft:oak_log":6,"minecraft:oak_leaves":3},"minecraft:used":{"minecraft:poppy":1,"jujutsucraft:uniform_normal_boots":1,"minecraft:grass":2,"minecraft:dirt":1,"jujutsucraft:uniform_gojo_boots":1,"minecraft:crafting_table":1,"jujutsucraft:clothes_fushiguro_toji_leggings":4,"minecraft:azure_bluet":1,"jujutsucraft:uniform_normal_chestplate":2,"jujutsucraft:uniform_gojo_chestplate":1,"jujutsucraft:clothes_zenin_boots":6,"minecraft:iron_axe":1,"jujutsucraft:uniform_gojo_helmet":1,"minecraft:iron_helmet":2,"jujutsucraft:clothes_sukuna_fushiguro_chestplate":6,"jujutsucraft:uniform_gojo_leggings":1,"jujutsucraft:clothes_zenin_leggings":2,"jujutsucraft:uniform_normal_leggings":1,"minecraft:egg":1,"minecraft:dandelion":1},"minecraft:dropped":{"jujutsucraft:uniform_gojo_boots":2,"jujutsucraft:uniform_normal_leggings":3,"jujutsucraft:uniform_gojo_leggings":2,"jujutsucraft:cursed_technique_changer":2,"minecraft:feather":1,"jujutsucraft:uniform_normal_chestplate":3,"jujutsucraft:clothes_zenin_2_leggings":1,"jujutsucraft:uniform_gojo_helmet":2,"jujutsucraft:uniform_normal_boots":2,"jujutsucraft:mahoraga_wheel_helmet":1,"jujutsucraft:uniform_gojo_chestplate":2,"jujutsucraft:sword_of_extermination":1},"minecraft:crafted":{"minecraft:oak_planks":24,"minecraft:crafting_table":1,"minecraft:bread":27,"minecraft:iron_axe":1,"minecraft:stick":4,"minecraft:iron_pickaxe":1,"minecraft:wheat":81}},"DataVersion":3465}