{"stats":{"minecraft:picked_up":{"jujutsucraft:slaughter_demon":1,"jujutsucraft:uniform_normal_boots":4,"minecraft:golden_sword":1,"jujutsucraft:gavel_big":1,"minecraft:spruce_planks":3,"jujutsucraft:sword_black":1,"minecraft:iron_pickaxe":1,"minecraft:composter":1,"jujutsucraft:glasses_maki_chestplate":1,"minecraft:torch":2,"jujutsucraft:sword_okkotsu_yuta":1,"minecraft:porkchop":3,"minecraft:stone_sword":2,"jujutsucraft:naginata":3,"jujutsucraft:clothes_kashimo_hajime_helmet":1,"minecraft:obsidian":7,"minecraft:cobblestone":28,"minecraft:feather":4,"minecraft:dirt":10,"minecraft:stripped_bamboo_block":1,"minecraft:bone":1,"minecraft:stonecutter":1,"minecraft:bow":1,"minecraft:wheat_seeds":1,"jujutsucraft:mei_mei_axe":1,"jujutsucraft:clothes_zenin_2_leggings":3,"minecraft:oak_planks":18,"jujutsucraft:nyoi_staff":1,"jujutsucraft:uniform_normal_chestplate":5,"jujutsucraft:uniform_gojo_chestplate":2,"minecraft:ink_sac":10,"jujutsucraft:uniform_gojo_helmet":2,"minecraft:grass_block":2,"minecraft:spectral_arrow":1,"minecraft:barrel":6,"minecraft:grass":2,"minecraft:dark_oak_fence":1,"jujutsucraft:clothes_miguel_helmet":1,"minecraft:crafting_table":4,"minecraft:azure_bluet":1,"minecraft:chicken":2,"jujutsucraft:clothes_zenin_boots":5,"minecraft:moss_carpet":5,"minecraft:iron_axe":3,"jujutsucraft:clothes_zenin_leggings":2,"minecraft:item_frame":6,"minecraft:beef":6,"minecraft:poppy":1,"jujutsucraft:sword_of_extermination":3,"minecraft:egg":1,"minecraft:raw_iron":2,"minecraft:stone":3,"jujutsucraft:sickle":2,"jujutsucraft:clothes_nishimiya_helmet":1,"minecraft:spruce_fence":3,"jujutsucraft:gavel":1,"minecraft:stone_pressure_plate":2,"jujutsucraft:clothes_fushiguro_toji_leggings":5,"minecraft:hay_block":11,"jujutsucraft:mahito_hand_2":1,"minecraft:mutton":3,"minecraft:white_wool":1,"jujutsucraft:g_staff":2,"jujutsucraft:uniform_gojo_boots":2,"jujutsucraft:mahoraga_wheel_helmet":5,"minecraft:leather":5,"jujutsucraft:sword_kusakabe":1,"minecraft:oak_log":11,"jujutsucraft:uniform_normal_leggings":6,"minecraft:apple":6,"jujutsucraft:knife":1,"minecraft:iron_ingot":5,"minecraft:tall_grass":1,"jujutsucraft:sword_miwa_kasumi":1,"minecraft:iron_sword":1,"jujutsucraft:dragon_bone":3,"minecraft:dandelion":1,"jujutsucraft:uniform_gojo_leggings":2,"minecraft:white_bed":2,"minecraft:spruce_door":1,"minecraft:stone_axe":1,"minecraft:polished_diorite":1,"minecraft:iron_helmet":1,"minecraft:painting":1,"jujutsucraft:clothes_sukuna_fushiguro_chestplate":5,"minecraft:dark_oak_wood":13},"minecraft:custom":{"minecraft:interact_with_crafting_table":9,"minecraft:open_barrel":10,"minecraft:time_since_death":4118,"minecraft:damage_resisted":68112,"minecraft:sprint_one_cm":494709,"minecraft:drop":45,"minecraft:play_time":201034,"minecraft:deaths":94,"minecraft:jump":4970,"minecraft:walk_on_water_one_cm":7823,"minecraft:damage_dealt":3824,"minecraft:player_kills":32,"minecraft:crouch_one_cm":17906,"minecraft:mob_kills":3722,"minecraft:damage_dealt_resisted":3539642,"minecraft:climb_one_cm":453,"minecraft:walk_one_cm":647661,"minecraft:sneak_time":7143,"minecraft:walk_under_water_one_cm":2654,"minecraft:total_world_time":201034,"minecraft:time_since_rest":4170,"minecraft:damage_taken":48644,"minecraft:swim_one_cm":8972,"minecraft:fly_one_cm":3950763,"minecraft:open_chest":12,"minecraft:fall_one_cm":387916},"minecraft:mined":{"minecraft:spruce_planks":3,"minecraft:white_bed":1,"minecraft:grass_block":4,"minecraft:polished_diorite":1,"minecraft:composter":1,"minecraft:fire":1,"minecraft:iron_ore":2,"minecraft:barrel":6,"minecraft:azure_bluet":1,"minecraft:stripped_bamboo_block":1,"minecraft:dark_oak_wood":13,"minecraft:poppy":1,"minecraft:cobblestone":9,"minecraft:wall_torch":1,"minecraft:grass":19,"minecraft:oak_log":11,"minecraft:dirt":1,"minecraft:stonecutter":1,"minecraft:oak_leaves":5,"minecraft:light_gray_stained_glass_pane":2,"minecraft:gray_stained_glass_pane":1,"minecraft:spruce_fence":2,"minecraft:hay_block":11,"minecraft:vine":1,"minecraft:stone":19,"minecraft:dandelion":1,"minecraft:crafting_table":3,"minecraft:tall_grass":15,"minecraft:sculk":5},"minecraft:killed":{"jujutsucraft:mimiko":7,"jujutsucraft:cursed_spirit_grade_32":104,"jujutsucraft:inumaki_toge":14,"jujutsucraft:cursed_spirit_grade_31":33,"jujutsucraft:cursed_spirit_grade_33":115,"jujutsucraft:kaichi":1,"jujutsucraft:cursed_spirit_grade_11":14,"jujutsucraft:zenin_naobito":2,"jujutsucraft:doll_1":30,"jujutsucraft:zenin_naoya":2,"jujutsucraft:cursed_spirit_grade_12":9,"jujutsucraft:fushiguro_megumi_shibuya":2,"jujutsucraft:cursed_spirit_grade_37":7,"jujutsucraft:cursed_spirit_grade_35":22,"minecraft:dolphin":2,"jujutsucraft:cursed_spirit_grade_39":190,"jujutsucraft:larue":2,"jujutsucraft:cursed_spirit_grade_215":18,"minecraft:bee":1,"jujutsucraft:fushiguro_toji_bug":1,"jujutsucraft:cursed_spirit_grade_15":14,"minecraft:chicken":50,"jujutsucraft:cursed_spirit_grade_19":3,"jujutsucraft:cursed_spirit_grade_16":8,"jujutsucraft:panda_normal":10,"jujutsucraft:fist":9,"jujutsucraft:cursed_spirit_grade_214":15,"jujutsucraft:zenin_ogi":7,"jujutsucraft:cursed_spirit_grade_38":64,"jujutsucraft:cursed_spirit_grade_34":129,"jujutsucraft:higuruma_hiromi":1,"jujutsucraft:miyo_rokujushi":1,"jujutsucraft:nobara_kugisaki":8,"jujutsucraft:nanami_kento":4,"jujutsucraft:mei_mei":1,"jujutsucraft:ember_insect":50,"minecraft:cat":6,"minecraft:wolf":10,"minecraft:pig":21,"jujutsucraft:nishimiya_momo":19,"minecraft:salmon":27,"jujutsucraft:itadori_yuji_shinjuku":1,"jujutsucraft:cursed_spirit_grade_213":11,"jujutsucraft:awasaka_jiro":5,"jujutsucraft:zenin_jinichi":2,"minecraft:iron_golem":1,"jujutsucraft:choso":3,"jujutsucraft:curse_user_1":33,"jujutsucraft:cursed_spirit_grade_211":24,"jujutsucraft:cursed_spirit_grade_07":2,"jujutsucraft:itadori_yuji":4,"jujutsucraft:polymorphic_soul_isomer":3,"minecraft:sheep":39,"jujutsucraft:panda_gorilla":6,"jujutsucraft:cursed_spirit_grade_29":18,"jujutsucraft:cursed_spirit_grade_28":16,"jujutsucraft:blue":1,"jujutsucraft:cursed_spirit_grade_314":117,"jujutsucraft:kenjaku":2,"jujutsucraft:crow":5,"jujutsucraft:foot":1,"jujutsucraft:cursed_spirit_grade_18":12,"jujutsucraft:cursed_spirit_grade_17":6,"jujutsucraft:todo_aoi":2,"jujutsucraft:uro_takako":1,"jujutsucraft:kashimo_hajime":2,"jujutsucraft:cursed_spirit_grade_110":3,"jujutsucraft:cursed_spirit_grade_315":121,"jujutsucraft:cursed_spirit_grade_212":12,"jujutsucraft:takaba_fumihiko":6,"jujutsucraft:ice_spear":82,"jujutsucraft:cursed_spirit_grade_06":4,"jujutsucraft:ino_takuma":2,"jujutsucraft:sea_serpent_mini":112,"minecraft:cow":26,"jujutsucraft:wooden_ball_1":6,"jujutsucraft:transfigured_human_3":52,"jujutsucraft:cursed_spirit_grade_21":18,"jujutsucraft:dhruv_lakdawalla":3,"jujutsucraft:reggie_star":3,"jujutsucraft:daido_hagane":7,"jujutsucraft:nue":2,"jujutsucraft:nanako":10,"jujutsucraft:charles_bernard":10,"jujutsucraft:liquid_metal":2,"jujutsucraft:cursed_spirit_grade_24":20,"jujutsucraft:energy_ball_white":1,"jujutsucraft:yoshino_junpei":9,"jujutsucraft:cursed_spirit_grade_318":172,"jujutsucraft:rika_2":2,"jujutsucraft:cursed_spirit_grade_316":42,"jujutsucraft:cursed_spirit_grade_26":7,"jujutsucraft:geto_suguru":3,"jujutsucraft:kumiya_juzo":9,"jujutsucraft:cursed_spirit_grade_22":12,"jujutsucraft:transfigured_human_2":59,"jujutsucraft:wooden_spear_2":5,"jujutsucraft:cursed_spirit_grade_03":7,"jujutsucraft:cursed_spirit_grade_01":6,"jujutsucraft:miwa_kasumi":9,"jujutsucraft:cursed_spirit_grade_04":2,"minecraft:horse":5,"jujutsucraft:cursed_spirit_grade_05":3,"jujutsucraft:fox_fire":76,"jujutsucraft:shigemo_haruta":14,"jujutsucraft:okkotsu_yuta":2,"jujutsucraft:body_repel":17,"jujutsucraft:cursed_spirit_grade_312":47,"jujutsucraft:cursed_spirit_grade_313":51,"jujutsucraft:kechizu":5,"jujutsucraft:sea_serpent":2,"jujutsucraft:toad":1,"jujutsucraft:rabbit_escape":3,"jujutsucraft:rozetsu_shikigami":23,"jujutsucraft:gojo_satoru_school_days":1,"jujutsucraft:cursed_spirit_grade_08":8,"jujutsucraft:cursed_spirit_grade_23":23,"jujutsucraft:itadori_yuji_shibuya":3,"jujutsucraft:eso":3,"jujutsucraft:cursed_spirit_grade_317":73,"jujutsucraft:cockroach_larva":1,"jujutsucraft:transfigured_human_1":30,"jujutsucraft:kurusu_hana":16,"jujutsucraft:cursed_spirit_grade_27":17,"jujutsucraft:okkotsu_yuta_culling_game":2,"jujutsucraft:dagon_2":2,"jujutsucraft:uraume":6,"jujutsucraft:cursed_spirit_grade_210":19,"jujutsucraft:entity_door":8,"jujutsucraft:dagon_1":3,"jujutsucraft:kukuru":30,"jujutsucraft:ice_spear_2":39,"jujutsucraft:jujutsu_sorcerer":50,"jujutsucraft:cursed_spirit_grade_09":3,"minecraft:bat":5,"jujutsucraft:zenin_maki":7,"jujutsucraft:coffin":1,"jujutsucraft:zenin_ranta":2,"jujutsucraft:curse_user":43,"jujutsucraft:mechamaru":6,"jujutsucraft:yaga_masamichi":2,"minecraft:squid":208,"jujutsucraft:cursed_spirit_grade_321":74,"jujutsucraft:ryu":1,"jujutsucraft:rozetsu":4,"jujutsucraft:cursed_spirit_grade_14":16,"jujutsucraft:cursed_spirit_grade_310":53,"jujutsucraft:cursed_spirit_grade_311":51,"jujutsucraft:negi_toshihisa":11,"jujutsucraft:slicing_exorcism":2,"jujutsucraft:cursed_spirit_grade_36":85,"jujutsucraft:cursed_spirit_grade_25":16,"jujutsucraft:hanami":1,"jujutsucraft:moon_dregs":10,"jujutsucraft:rika":1,"jujutsucraft:hoshi_kirara":2,"jujutsucraft:cursed_spirit_grade_319":95,"jujutsucraft:cursed_spirit_grade_02":2,"jujutsucraft:killer_1":1,"jujutsucraft:cursed_spirit_grade_322":91,"jujutsucraft:geto_suguru_curse_user":3,"minecraft:villager":28,"jujutsucraft:kamo_noritoshi":5,"jujutsucraft:q":24,"jujutsucraft:fushiguro_megumi":9,"jujutsucraft:gravestone_3":9,"jujutsucraft:ogami":17},"minecraft:dropped":{"jujutsucraft:clothes_kashimo_hajime_helmet":1,"minecraft:leather":2,"minecraft:mutton":3,"jujutsucraft:uniform_gojo_boots":2,"jujutsucraft:uniform_gojo_leggings":2,"jujutsucraft:cursed_technique_changer":2,"minecraft:skeleton_skull":1,"jujutsucraft:gavel_long":1,"jujutsucraft:uniform_gojo_chestplate":2,"jujutsucraft:clothes_nishimiya_helmet":1,"minecraft:feather":1,"jujutsucraft:gavel":1,"jujutsucraft:clothes_zenin_leggings":1,"minecraft:ink_sac":8,"minecraft:iron_axe":1,"jujutsucraft:dragon_bone":1,"jujutsucraft:sword_of_extermination":2,"jujutsucraft:uniform_normal_leggings":4,"minecraft:stone_sword":1,"jujutsucraft:playful_cloud":1,"jujutsucraft:glasses_maki_chestplate":1,"jujutsucraft:uniform_normal_chestplate":3,"jujutsucraft:clothes_zenin_2_leggings":1,"jujutsucraft:uniform_gojo_helmet":2,"jujutsucraft:uniform_normal_boots":2,"jujutsucraft:mahoraga_wheel_helmet":4,"jujutsucraft:g_staff":1},"minecraft:used":{"minecraft:moss_carpet":5,"minecraft:poppy":1,"minecraft:grass":2,"jujutsucraft:clothes_fushiguro_toji_leggings":6,"minecraft:azure_bluet":1,"jujutsucraft:clothes_zenin_boots":6,"minecraft:grass_block":1,"minecraft:iron_helmet":2,"jujutsucraft:clothes_sukuna_fushiguro_chestplate":6,"minecraft:item_frame":6,"jujutsucraft:uniform_gojo_leggings":1,"minecraft:skeleton_skull":8,"minecraft:egg":1,"minecraft:stone_pickaxe":26,"minecraft:wooden_pickaxe":6,"minecraft:composter":1,"minecraft:white_wool":1,"minecraft:stripped_bamboo_block":1,"jujutsucraft:gojo_satoru_spawn_egg":1,"jujutsucraft:clothes_zenin_leggings":3,"jujutsucraft:uniform_normal_leggings":1,"minecraft:dark_oak_fence":1,"jujutsucraft:clothes_miguel_helmet":1,"jujutsucraft:sukuna_spawn_egg":2,"minecraft:stone_sword":8,"minecraft:spruce_planks":3,"minecraft:torch":1,"minecraft:dirt":9,"jujutsucraft:mahoraga_frog_spawn_egg":1,"minecraft:spruce_fence":3,"jujutsucraft:uniform_gojo_chestplate":1,"minecraft:polished_diorite":1,"minecraft:dark_oak_planks":9,"minecraft:iron_axe":6,"jujutsucraft:uniform_gojo_helmet":1,"minecraft:barrel":6,"minecraft:tall_grass":1,"jujutsucraft:clothes_kashimo_hajime_helmet":1,"jujutsucraft:uniform_normal_boots":1,"minecraft:stonecutter":1,"jujutsucraft:uniform_gojo_boots":1,"minecraft:crafting_table":3,"minecraft:painting":1,"jujutsucraft:uniform_normal_chestplate":2,"jujutsucraft:dragon_bone":3,"minecraft:stone_axe":27,"minecraft:cobblestone":20,"minecraft:dandelion":1,"jujutsucraft:sukuna_fushiguro_spawn_egg":1},"minecraft:crafted":{"minecraft:oak_planks":24,"minecraft:crafting_table":2,"minecraft:wooden_pickaxe":1,"minecraft:stick":12,"minecraft:iron_pickaxe":1,"minecraft:stone_sword":1,"minecraft:iron_axe":1,"minecraft:stone_pickaxe":1,"minecraft:dark_oak_planks":52,"minecraft:wheat":99,"minecraft:stone_axe":1,"minecraft:bread":33},"minecraft:killed_by":{"jujutsucraft:cursed_spirit_grade_25":1,"jujutsucraft:hakari_kinji":1,"jujutsucraft:cursed_spirit_grade_22":2,"jujutsucraft:zenin_naoya_cursed_spirit_1":1,"jujutsucraft:cursed_spirit_grade_09":1,"jujutsucraft:panda_normal":1,"jujutsucraft:sukuna":7,"jujutsucraft:cursed_spirit_grade_04":1,"jujutsucraft:cursed_spirit_grade_27":1,"jujutsucraft:uraume":1,"jujutsucraft:zenin_naoya":1,"jujutsucraft:q":1,"jujutsucraft:cursed_spirit_grade_29":1,"jujutsucraft:eight_handled_swrod_divergent_sila_divine_general_mahoraga":6,"jujutsucraft:gojo_satoru_school_days":1,"jujutsucraft:cursed_spirit_grade_15":2,"jujutsucraft:cursed_spirit_grade_311":1,"minecraft:player":25,"jujutsucraft:cursed_spirit_grade_16":2,"jujutsucraft:cursed_spirit_grade_312":2,"jujutsucraft:kenjaku":3,"jujutsucraft:cursed_spirit_grade_13":1,"jujutsucraft:nanami_kento":1,"jujutsucraft:cursed_spirit_grade_110":2,"jujutsucraft:fushiguro_megumi":1,"jujutsucraft:cursed_spirit_grade_314":1,"jujutsucraft:itadori_yuji_shinjuku":1,"jujutsucraft:rozetsu":1,"jujutsucraft:sukuna_fushiguro":4,"jujutsucraft:reggie_star":3,"jujutsucraft:jogo":1,"jujutsucraft:kumiya_juzo":1,"jujutsucraft:shigemo_haruta":1}},"DataVersion":3465}