{"stats":{"minecraft:picked_up":{"minecraft:crafting_table":4,"minecraft:azure_bluet":1,"minecraft:feather":4,"minecraft:chicken":2,"jujutsucraft:uniform_gojo_boots":2,"jujutsucraft:mahoraga_wheel_helmet":5,"minecraft:leather":2,"jujutsucraft:uniform_normal_boots":4,"minecraft:oak_log":6,"jujutsucraft:clothes_zenin_boots":5,"minecraft:dirt":5,"minecraft:iron_axe":1,"jujutsucraft:uniform_normal_leggings":5,"jujutsucraft:clothes_zenin_leggings":1,"minecraft:apple":5,"minecraft:wheat_seeds":1,"minecraft:spruce_planks":1,"jujutsucraft:clothes_zenin_2_leggings":3,"minecraft:iron_ingot":5,"minecraft:beef":4,"minecraft:poppy":1,"minecraft:iron_pickaxe":1,"jujutsucraft:sword_of_extermination":3,"minecraft:oak_planks":18,"minecraft:egg":1,"minecraft:composter":1,"jujutsucraft:glasses_maki_chestplate":1,"minecraft:dandelion":1,"minecraft:torch":1,"jujutsucraft:uniform_gojo_leggings":2,"jujutsucraft:uniform_normal_chestplate":5,"jujutsucraft:uniform_gojo_chestplate":2,"minecraft:ink_sac":2,"jujutsucraft:uniform_gojo_helmet":2,"minecraft:white_bed":2,"jujutsucraft:clothes_fushiguro_toji_leggings":4,"minecraft:iron_helmet":1,"minecraft:hay_block":11,"minecraft:grass":2,"jujutsucraft:clothes_sukuna_fushiguro_chestplate":5,"minecraft:dark_oak_wood":13,"minecraft:obsidian":7,"minecraft:cobblestone":25},"minecraft:custom":{"minecraft:mob_kills":30,"minecraft:interact_with_crafting_table":9,"minecraft:open_barrel":2,"minecraft:damage_dealt_resisted":3990,"minecraft:time_since_death":1256,"minecraft:climb_one_cm":453,"minecraft:damage_resisted":1657,"minecraft:time_since_rest":1304,"minecraft:sprint_one_cm":122855,"minecraft:damage_taken":13636,"minecraft:walk_one_cm":196547,"minecraft:drop":26,"minecraft:damage_dealt":439,"minecraft:swim_one_cm":816,"minecraft:player_kills":6,"minecraft:fly_one_cm":1179451,"minecraft:open_chest":5,"minecraft:crouch_one_cm":5619,"minecraft:play_time":57885,"minecraft:deaths":33,"minecraft:sneak_time":1919,"minecraft:walk_under_water_one_cm":53,"minecraft:jump":1658,"minecraft:walk_on_water_one_cm":305,"minecraft:total_world_time":57885,"minecraft:fall_one_cm":119798},"minecraft:killed_by":{"jujutsucraft:cursed_spirit_grade_15":2,"jujutsucraft:cursed_spirit_grade_311":1,"minecraft:player":8,"jujutsucraft:cursed_spirit_grade_16":2,"jujutsucraft:cursed_spirit_grade_312":2,"jujutsucraft:cursed_spirit_grade_22":1,"jujutsucraft:zenin_naoya_cursed_spirit_1":1,"jujutsucraft:cursed_spirit_grade_110":2,"jujutsucraft:q":1,"jujutsucraft:shigemo_haruta":1,"jujutsucraft:panda_normal":1},"minecraft:killed":{"minecraft:cat":1,"jujutsucraft:cursed_spirit_grade_33":1,"jujutsucraft:doll_1":2,"minecraft:iron_golem":1,"jujutsucraft:cursed_spirit_grade_318":1,"jujutsucraft:cursed_spirit_grade_39":8,"jujutsucraft:cursed_spirit_grade_314":1,"jujutsucraft:cursed_spirit_grade_15":1,"jujutsucraft:cursed_spirit_grade_34":1,"jujutsucraft:cursed_spirit_grade_319":1,"jujutsucraft:cursed_spirit_grade_322":1,"minecraft:cow":5},"minecraft:mined":{"minecraft:spruce_planks":1,"minecraft:white_bed":1,"minecraft:dandelion":1,"minecraft:crafting_table":3,"minecraft:dark_oak_wood":13,"minecraft:grass_block":2,"minecraft:poppy":1,"minecraft:tall_grass":7,"minecraft:cobblestone":9,"minecraft:composter":1,"minecraft:sculk":5,"minecraft:wall_torch":1,"minecraft:hay_block":11,"minecraft:azure_bluet":1,"minecraft:grass":16,"minecraft:oak_log":6,"minecraft:vine":1,"minecraft:dirt":1,"minecraft:stone":16,"minecraft:oak_leaves":3},"minecraft:used":{"minecraft:stone_sword":1,"minecraft:stone_pickaxe":19,"minecraft:poppy":1,"minecraft:wooden_pickaxe":6,"jujutsucraft:uniform_normal_boots":1,"minecraft:composter":1,"minecraft:grass":2,"minecraft:dirt":4,"jujutsucraft:uniform_gojo_boots":1,"minecraft:crafting_table":3,"jujutsucraft:mahoraga_frog_spawn_egg":1,"jujutsucraft:clothes_fushiguro_toji_leggings":4,"jujutsucraft:uniform_normal_chestplate":2,"minecraft:azure_bluet":1,"jujutsucraft:uniform_gojo_chestplate":1,"jujutsucraft:clothes_zenin_boots":6,"minecraft:iron_axe":1,"jujutsucraft:uniform_gojo_helmet":1,"minecraft:iron_helmet":2,"jujutsucraft:clothes_sukuna_fushiguro_chestplate":6,"minecraft:stone_axe":15,"jujutsucraft:uniform_gojo_leggings":1,"minecraft:cobblestone":5,"jujutsucraft:clothes_zenin_leggings":2,"jujutsucraft:uniform_normal_leggings":1,"minecraft:egg":1,"minecraft:dandelion":1},"minecraft:dropped":{"jujutsucraft:uniform_gojo_boots":2,"jujutsucraft:uniform_normal_leggings":3,"jujutsucraft:uniform_gojo_leggings":2,"jujutsucraft:cursed_technique_changer":2,"minecraft:feather":1,"jujutsucraft:uniform_normal_chestplate":3,"jujutsucraft:clothes_zenin_2_leggings":1,"jujutsucraft:uniform_gojo_helmet":2,"jujutsucraft:uniform_normal_boots":2,"jujutsucraft:mahoraga_wheel_helmet":4,"jujutsucraft:uniform_gojo_chestplate":2,"jujutsucraft:sword_of_extermination":2},"minecraft:crafted":{"minecraft:oak_planks":24,"minecraft:crafting_table":2,"minecraft:wooden_pickaxe":1,"minecraft:stone_axe":1,"minecraft:bread":33,"minecraft:iron_axe":1,"minecraft:stick":12,"minecraft:iron_pickaxe":1,"minecraft:stone_pickaxe":1,"minecraft:stone_sword":1,"minecraft:dark_oak_planks":20,"minecraft:wheat":99}},"DataVersion":3465}