{"stats":{"minecraft:custom":{"minecraft:jump":10,"minecraft:time_since_rest":4234,"minecraft:crouch_one_cm":69,"minecraft:sprint_one_cm":442,"minecraft:play_time":4234,"minecraft:damage_taken":31,"minecraft:time_since_death":4234,"minecraft:walk_one_cm":1439,"minecraft:sneak_time":51,"minecraft:total_world_time":4234,"minecraft:fall_one_cm":520,"minecraft:fly_one_cm":2657},"minecraft:used":{"jujutsucraft:uniform_normal_boots":1,"jujutsucraft:uniform_normal_chestplate":1,"jujutsucraft:uniform_normal_leggings":1}},"DataVersion":3465}