{"stats":{"minecraft:picked_up":{"minecraft:crafting_table":4,"minecraft:azure_bluet":1,"jujutsucraft:slaughter_demon":1,"minecraft:chicken":2,"jujutsucraft:uniform_normal_boots":4,"minecraft:golden_sword":1,"jujutsucraft:clothes_zenin_boots":5,"minecraft:iron_axe":3,"jujutsucraft:clothes_zenin_leggings":1,"minecraft:item_frame":6,"minecraft:spruce_planks":3,"minecraft:beef":4,"minecraft:poppy":1,"minecraft:iron_pickaxe":1,"jujutsucraft:sword_of_extermination":3,"minecraft:egg":1,"minecraft:raw_iron":2,"jujutsucraft:sickle":1,"minecraft:composter":1,"jujutsucraft:glasses_maki_chestplate":1,"minecraft:torch":1,"minecraft:spruce_fence":3,"minecraft:stone_sword":2,"jujutsucraft:clothes_fushiguro_toji_leggings":4,"minecraft:hay_block":11,"minecraft:obsidian":7,"minecraft:cobblestone":28,"minecraft:feather":4,"jujutsucraft:uniform_gojo_boots":2,"jujutsucraft:g_staff":1,"jujutsucraft:mahoraga_wheel_helmet":5,"minecraft:leather":2,"minecraft:oak_log":11,"minecraft:dirt":9,"jujutsucraft:uniform_normal_leggings":6,"minecraft:stripped_bamboo_block":1,"minecraft:bone":1,"minecraft:apple":6,"minecraft:stonecutter":1,"minecraft:bow":1,"minecraft:wheat_seeds":1,"minecraft:iron_ingot":5,"jujutsucraft:clothes_zenin_2_leggings":3,"minecraft:iron_sword":1,"minecraft:oak_planks":18,"jujutsucraft:dragon_bone":1,"minecraft:dandelion":1,"jujutsucraft:uniform_gojo_leggings":2,"jujutsucraft:uniform_normal_chestplate":5,"jujutsucraft:uniform_gojo_chestplate":2,"minecraft:ink_sac":10,"jujutsucraft:uniform_gojo_helmet":2,"minecraft:white_bed":2,"minecraft:grass_block":2,"minecraft:spectral_arrow":1,"minecraft:barrel":6,"minecraft:stone_axe":1,"minecraft:iron_helmet":1,"minecraft:grass":2,"jujutsucraft:clothes_sukuna_fushiguro_chestplate":5,"minecraft:dark_oak_wood":13,"minecraft:dark_oak_fence":1},"minecraft:custom":{"minecraft:mob_kills":268,"minecraft:interact_with_crafting_table":9,"minecraft:open_barrel":8,"minecraft:damage_dealt_resisted":135819,"minecraft:time_since_death":2216,"minecraft:climb_one_cm":453,"minecraft:damage_resisted":16123,"minecraft:sprint_one_cm":288329,"minecraft:walk_one_cm":367976,"minecraft:drop":32,"minecraft:play_time":147739,"minecraft:deaths":79,"minecraft:sneak_time":5068,"minecraft:walk_under_water_one_cm":2364,"minecraft:jump":3496,"minecraft:walk_on_water_one_cm":3404,"minecraft:total_world_time":147739,"minecraft:time_since_rest":2245,"minecraft:damage_taken":34717,"minecraft:damage_dealt":1960,"minecraft:swim_one_cm":1790,"minecraft:fly_one_cm":2416474,"minecraft:player_kills":22,"minecraft:open_chest":12,"minecraft:crouch_one_cm":12946,"minecraft:fall_one_cm":278406},"minecraft:killed_by":{"jujutsucraft:cursed_spirit_grade_25":1,"jujutsucraft:cursed_spirit_grade_15":2,"jujutsucraft:cursed_spirit_grade_311":1,"minecraft:player":25,"jujutsucraft:cursed_spirit_grade_16":2,"jujutsucraft:cursed_spirit_grade_312":2,"jujutsucraft:cursed_spirit_grade_22":1,"jujutsucraft:zenin_naoya_cursed_spirit_1":1,"jujutsucraft:nanami_kento":1,"jujutsucraft:cursed_spirit_grade_110":2,"jujutsucraft:cursed_spirit_grade_09":1,"jujutsucraft:panda_normal":1,"jujutsucraft:fushiguro_megumi":1,"jujutsucraft:sukuna":7,"jujutsucraft:cursed_spirit_grade_314":1,"jujutsucraft:itadori_yuji_shinjuku":1,"jujutsucraft:cursed_spirit_grade_27":1,"jujutsucraft:rozetsu":1,"jujutsucraft:sukuna_fushiguro":1,"jujutsucraft:reggie_star":3,"jujutsucraft:kumiya_juzo":1,"jujutsucraft:uraume":1,"jujutsucraft:zenin_naoya":1,"jujutsucraft:q":1,"jujutsucraft:shigemo_haruta":1,"jujutsucraft:cursed_spirit_grade_29":1,"jujutsucraft:eight_handled_swrod_divergent_sila_divine_general_mahoraga":3},"minecraft:killed":{"jujutsucraft:cursed_spirit_grade_32":12,"jujutsucraft:transfigured_human_3":4,"jujutsucraft:inumaki_toge":2,"jujutsucraft:cursed_spirit_grade_31":3,"jujutsucraft:cursed_spirit_grade_33":7,"jujutsucraft:reggie_star":1,"jujutsucraft:doll_1":3,"jujutsucraft:liquid_metal":2,"jujutsucraft:cursed_spirit_grade_37":2,"jujutsucraft:cursed_spirit_grade_35":1,"jujutsucraft:cursed_spirit_grade_318":10,"jujutsucraft:cursed_spirit_grade_316":4,"jujutsucraft:transfigured_human_2":2,"minecraft:horse":1,"jujutsucraft:cursed_spirit_grade_39":16,"jujutsucraft:cursed_spirit_grade_313":2,"jujutsucraft:cursed_spirit_grade_15":1,"minecraft:chicken":7,"jujutsucraft:cursed_spirit_grade_19":1,"jujutsucraft:toad":1,"jujutsucraft:rabbit_escape":3,"jujutsucraft:panda_normal":1,"jujutsucraft:rozetsu_shikigami":2,"jujutsucraft:cursed_spirit_grade_317":15,"jujutsucraft:cursed_spirit_grade_34":13,"jujutsucraft:cursed_spirit_grade_38":6,"jujutsucraft:transfigured_human_1":2,"jujutsucraft:nobara_kugisaki":2,"minecraft:cat":5,"minecraft:pig":9,"jujutsucraft:kukuru":2,"jujutsucraft:jujutsu_sorcerer":3,"minecraft:iron_golem":1,"jujutsucraft:cursed_spirit_grade_211":1,"jujutsucraft:curse_user":2,"jujutsucraft:itadori_yuji":1,"jujutsucraft:cursed_spirit_grade_321":5,"minecraft:sheep":12,"jujutsucraft:panda_gorilla":1,"jujutsucraft:cursed_spirit_grade_28":1,"jujutsucraft:cursed_spirit_grade_314":19,"jujutsucraft:crow":5,"jujutsucraft:cursed_spirit_grade_310":1,"jujutsucraft:cursed_spirit_grade_311":5,"jujutsucraft:negi_toshihisa":4,"jujutsucraft:slicing_exorcism":2,"jujutsucraft:cursed_spirit_grade_36":6,"jujutsucraft:moon_dregs":6,"jujutsucraft:cursed_spirit_grade_315":9,"jujutsucraft:cursed_spirit_grade_319":7,"jujutsucraft:cursed_spirit_grade_322":10,"jujutsucraft:fushiguro_megumi":2,"jujutsucraft:q":1,"minecraft:cow":14},"minecraft:mined":{"minecraft:spruce_planks":3,"minecraft:white_bed":1,"minecraft:gray_stained_glass_pane":1,"minecraft:grass_block":4,"minecraft:spruce_fence":2,"minecraft:composter":1,"minecraft:hay_block":11,"minecraft:iron_ore":2,"minecraft:fire":1,"minecraft:barrel":6,"minecraft:azure_bluet":1,"minecraft:vine":1,"minecraft:stripped_bamboo_block":1,"minecraft:stone":19,"minecraft:dandelion":1,"minecraft:crafting_table":3,"minecraft:dark_oak_wood":13,"minecraft:poppy":1,"minecraft:tall_grass":15,"minecraft:cobblestone":9,"minecraft:sculk":5,"minecraft:wall_torch":1,"minecraft:grass":19,"minecraft:oak_log":11,"minecraft:dirt":1,"minecraft:stonecutter":1,"minecraft:oak_leaves":5},"minecraft:used":{"minecraft:stone_sword":6,"minecraft:poppy":1,"minecraft:spruce_planks":3,"minecraft:grass":2,"minecraft:dirt":8,"jujutsucraft:clothes_fushiguro_toji_leggings":4,"jujutsucraft:mahoraga_frog_spawn_egg":1,"minecraft:spruce_fence":3,"minecraft:azure_bluet":1,"jujutsucraft:uniform_gojo_chestplate":1,"jujutsucraft:clothes_zenin_boots":6,"minecraft:dark_oak_planks":9,"minecraft:grass_block":1,"minecraft:iron_axe":6,"jujutsucraft:uniform_gojo_helmet":1,"minecraft:iron_helmet":2,"jujutsucraft:clothes_sukuna_fushiguro_chestplate":6,"minecraft:item_frame":6,"jujutsucraft:uniform_gojo_leggings":1,"minecraft:skeleton_skull":8,"minecraft:egg":1,"minecraft:stone_pickaxe":25,"minecraft:wooden_pickaxe":6,"jujutsucraft:uniform_normal_boots":1,"minecraft:composter":1,"minecraft:stonecutter":1,"jujutsucraft:uniform_gojo_boots":1,"minecraft:crafting_table":3,"jujutsucraft:uniform_normal_chestplate":2,"minecraft:stripped_bamboo_block":1,"jujutsucraft:dragon_bone":3,"minecraft:stone_axe":27,"minecraft:cobblestone":20,"jujutsucraft:clothes_zenin_leggings":2,"jujutsucraft:uniform_normal_leggings":1,"minecraft:dark_oak_fence":1,"jujutsucraft:sukuna_spawn_egg":2,"minecraft:dandelion":1},"minecraft:dropped":{"minecraft:feather":1,"minecraft:ink_sac":8,"jujutsucraft:dragon_bone":1,"jujutsucraft:sword_of_extermination":2,"jujutsucraft:uniform_gojo_boots":2,"jujutsucraft:uniform_normal_leggings":4,"minecraft:stone_sword":1,"jujutsucraft:uniform_gojo_leggings":2,"jujutsucraft:cursed_technique_changer":2,"jujutsucraft:glasses_maki_chestplate":1,"jujutsucraft:uniform_normal_chestplate":3,"minecraft:skeleton_skull":1,"jujutsucraft:clothes_zenin_2_leggings":1,"jujutsucraft:uniform_gojo_helmet":2,"jujutsucraft:uniform_normal_boots":2,"jujutsucraft:mahoraga_wheel_helmet":4,"jujutsucraft:uniform_gojo_chestplate":2},"minecraft:crafted":{"minecraft:oak_planks":24,"minecraft:iron_axe":1,"minecraft:stone_pickaxe":1,"minecraft:dark_oak_planks":52,"minecraft:wheat":99,"minecraft:crafting_table":2,"minecraft:wooden_pickaxe":1,"minecraft:stone_axe":1,"minecraft:bread":33,"minecraft:stick":12,"minecraft:iron_pickaxe":1,"minecraft:stone_sword":1}},"DataVersion":3465}