{"stats":{"minecraft:picked_up":{"minecraft:crafting_table":2,"minecraft:feather":1,"minecraft:azure_bluet":1,"jujutsucraft:uniform_gojo_boots":2,"jujutsucraft:mahoraga_wheel_helmet":3,"minecraft:leather":1,"jujutsucraft:uniform_normal_boots":4,"minecraft:oak_log":6,"jujutsucraft:clothes_zenin_boots":4,"minecraft:dirt":1,"jujutsucraft:uniform_normal_leggings":5,"minecraft:iron_axe":1,"minecraft:wheat_seeds":1,"minecraft:iron_ingot":5,"jujutsucraft:clothes_zenin_2_leggings":3,"minecraft:beef":1,"minecraft:poppy":1,"minecraft:iron_pickaxe":1,"jujutsucraft:sword_of_extermination":3,"minecraft:oak_planks":18,"minecraft:egg":1,"minecraft:dandelion":1,"jujutsucraft:uniform_gojo_leggings":2,"jujutsucraft:uniform_normal_chestplate":5,"jujutsucraft:uniform_gojo_chestplate":2,"jujutsucraft:uniform_gojo_helmet":2,"minecraft:white_bed":2,"jujutsucraft:clothes_fushiguro_toji_leggings":4,"minecraft:hay_block":9,"minecraft:iron_helmet":1,"minecraft:grass":1,"jujutsucraft:clothes_sukuna_fushiguro_chestplate":4,"minecraft:obsidian":7},"minecraft:custom":{"minecraft:mob_kills":6,"minecraft:interact_with_crafting_table":1,"minecraft:damage_dealt_resisted":8,"minecraft:time_since_death":572,"minecraft:climb_one_cm":24,"minecraft:time_since_rest":599,"minecraft:sprint_one_cm":65101,"minecraft:damage_taken":5518,"minecraft:walk_one_cm":86762,"minecraft:drop":21,"minecraft:damage_dealt":69,"minecraft:swim_one_cm":816,"minecraft:player_kills":2,"minecraft:fly_one_cm":507859,"minecraft:open_chest":2,"minecraft:crouch_one_cm":1162,"minecraft:play_time":28234,"minecraft:deaths":15,"minecraft:sneak_time":399,"minecraft:walk_under_water_one_cm":53,"minecraft:jump":804,"minecraft:walk_on_water_one_cm":305,"minecraft:total_world_time":28234,"minecraft:fall_one_cm":52426},"minecraft:killed_by":{"minecraft:player":4,"jujutsucraft:cursed_spirit_grade_312":2,"jujutsucraft:cursed_spirit_grade_22":1,"jujutsucraft:cursed_spirit_grade_110":2},"minecraft:killed":{"minecraft:cat":1,"jujutsucraft:doll_1":2,"minecraft:iron_golem":1,"jujutsucraft:cursed_spirit_grade_314":1,"minecraft:cow":1},"minecraft:mined":{"minecraft:white_bed":1,"minecraft:dandelion":1,"minecraft:crafting_table":1,"minecraft:poppy":1,"minecraft:tall_grass":7,"minecraft:hay_block":9,"minecraft:azure_bluet":1,"minecraft:grass":16,"minecraft:oak_log":6,"minecraft:oak_leaves":1},"minecraft:used":{"minecraft:poppy":1,"jujutsucraft:uniform_normal_boots":1,"minecraft:grass":1,"jujutsucraft:uniform_gojo_boots":1,"minecraft:crafting_table":1,"jujutsucraft:clothes_fushiguro_toji_leggings":4,"minecraft:azure_bluet":1,"jujutsucraft:uniform_normal_chestplate":2,"jujutsucraft:uniform_gojo_chestplate":1,"jujutsucraft:clothes_zenin_boots":4,"minecraft:iron_axe":1,"jujutsucraft:uniform_gojo_helmet":1,"minecraft:iron_helmet":2,"jujutsucraft:clothes_sukuna_fushiguro_chestplate":5,"jujutsucraft:uniform_gojo_leggings":1,"jujutsucraft:uniform_normal_leggings":1,"minecraft:egg":1,"minecraft:dandelion":1},"minecraft:dropped":{"jujutsucraft:uniform_gojo_boots":2,"jujutsucraft:uniform_normal_leggings":3,"jujutsucraft:uniform_gojo_leggings":2,"jujutsucraft:cursed_technique_changer":1,"minecraft:feather":1,"jujutsucraft:uniform_normal_chestplate":3,"jujutsucraft:clothes_zenin_2_leggings":1,"jujutsucraft:uniform_gojo_helmet":2,"jujutsucraft:uniform_normal_boots":2,"jujutsucraft:mahoraga_wheel_helmet":1,"jujutsucraft:uniform_gojo_chestplate":2,"jujutsucraft:sword_of_extermination":1},"minecraft:crafted":{"minecraft:oak_planks":24,"minecraft:crafting_table":1,"minecraft:bread":27,"minecraft:iron_axe":1,"minecraft:stick":4,"minecraft:iron_pickaxe":1,"minecraft:wheat":81}},"DataVersion":3465}