{"stats":{"minecraft:picked_up":{"minecraft:feather":2,"minecraft:crafting_table":1,"minecraft:chicken":1,"jujutsucraft:uniform_gojo_boots":4,"minecraft:torch":1,"minecraft:leather":4,"jujutsucraft:uniform_normal_boots":1,"jujutsucraft:cursed_technique_changer":1,"jujutsucraft:uniform_gojo_leggings":5,"jujutsucraft:uniform_normal_chestplate":1,"jujutsucraft:uniform_gojo_chestplate":5,"jujutsucraft:uniform_gojo_helmet":4,"jujutsucraft:clothes_zenin_boots":1,"jujutsucraft:uniform_normal_leggings":1,"jujutsucraft:clothes_fushiguro_toji_leggings":1,"minecraft:wheat_seeds":1,"minecraft:hay_block":28,"minecraft:beef":9,"jujutsucraft:clothes_sukuna_fushiguro_chestplate":1,"minecraft:bread":6,"minecraft:oak_sapling":2},"minecraft:custom":{"minecraft:time_since_rest":1770,"minecraft:sprint_one_cm":145338,"minecraft:damage_taken":6938,"minecraft:walk_one_cm":126993,"minecraft:mob_kills":45,"minecraft:drop":22,"minecraft:damage_dealt":615,"minecraft:fly_one_cm":214121,"minecraft:player_kills":13,"minecraft:crouch_one_cm":921,"minecraft:play_time":36619,"minecraft:deaths":20,"minecraft:sneak_time":147,"minecraft:damage_dealt_resisted":3555,"minecraft:jump":823,"minecraft:time_since_death":1741,"minecraft:total_world_time":36619,"minecraft:damage_resisted":496,"minecraft:fall_one_cm":30622},"minecraft:killed_by":{"jujutsucraft:cursed_spirit_grade_110":1,"jujutsucraft:yoshino_junpei":8,"minecraft:iron_golem":1,"jujutsucraft:q":1,"jujutsucraft:cursed_spirit_grade_311":1,"minecraft:player":3,"jujutsucraft:cursed_spirit_grade_310":1,"jujutsucraft:cursed_spirit_grade_315":1,"jujutsucraft:moon_dregs":1,"jujutsucraft:cursed_spirit_grade_212":1},"minecraft:killed":{"minecraft:sheep":2,"jujutsucraft:cursed_spirit_grade_39":1,"jujutsucraft:cursed_spirit_grade_33":1,"jujutsucraft:cursed_spirit_grade_31":1,"jujutsucraft:cursed_spirit_grade_313":2,"jujutsucraft:cursed_spirit_grade_312":1,"jujutsucraft:cursed_spirit_grade_314":3,"minecraft:pig":1,"minecraft:chicken":3,"jujutsucraft:cursed_spirit_grade_36":3,"jujutsucraft:yoshino_junpei":1,"jujutsucraft:cursed_spirit_grade_318":1,"jujutsucraft:cursed_spirit_grade_317":1,"jujutsucraft:cursed_spirit_grade_315":2,"jujutsucraft:cursed_spirit_grade_316":1,"minecraft:villager":1,"minecraft:cow":4},"minecraft:mined":{"minecraft:hay_block":14,"minecraft:grass":8,"minecraft:tall_grass":1,"minecraft:oak_leaves":2},"minecraft:used":{"jujutsucraft:item_doll":2,"jujutsucraft:uniform_gojo_helmet":4,"minecraft:torch":1,"jujutsucraft:uniform_gojo_leggings":5,"jujutsucraft:uniform_gojo_boots":4,"jujutsucraft:uniform_gojo_chestplate":5},"minecraft:dropped":{"jujutsucraft:clothes_fushiguro_toji_leggings":1,"jujutsucraft:uniform_normal_leggings":2,"minecraft:oak_sapling":2,"jujutsucraft:clothes_sukuna_fushiguro_chestplate":1,"minecraft:feather":2,"minecraft:chicken":1,"jujutsucraft:clothes_zenin_boots":1,"minecraft:leather":4,"minecraft:beef":4,"jujutsucraft:uniform_normal_boots":2,"jujutsucraft:uniform_normal_chestplate":2}},"DataVersion":3465}