{"stats":{"minecraft:picked_up":{"minecraft:crafting_table":1,"minecraft:feather":2,"minecraft:chicken":1,"jujutsucraft:uniform_gojo_boots":4,"jujutsucraft:mahoraga_wheel_helmet":1,"minecraft:leather":6,"jujutsucraft:uniform_normal_boots":1,"jujutsucraft:cursed_technique_changer":1,"jujutsucraft:clothes_zenin_boots":1,"jujutsucraft:uniform_normal_leggings":1,"minecraft:wheat_seeds":1,"minecraft:beef":15,"minecraft:torch":1,"jujutsucraft:uniform_normal_chestplate":1,"jujutsucraft:uniform_gojo_leggings":5,"jujutsucraft:uniform_gojo_chestplate":5,"jujutsucraft:uniform_gojo_helmet":4,"minecraft:white_bed":2,"jujutsucraft:clothes_fushiguro_toji_leggings":1,"minecraft:hay_block":28,"minecraft:grass":4,"jujutsucraft:clothes_sukuna_fushiguro_chestplate":1,"minecraft:bread":6,"minecraft:oak_sapling":2,"minecraft:mutton":1,"minecraft:white_wool":1},"minecraft:custom":{"minecraft:mob_kills":58,"minecraft:damage_dealt_resisted":3615,"minecraft:time_since_death":2965,"minecraft:damage_resisted":570,"minecraft:time_since_rest":2992,"minecraft:sprint_one_cm":172602,"minecraft:damage_taken":7238,"minecraft:walk_one_cm":135738,"minecraft:drop":29,"minecraft:damage_dealt":860,"minecraft:fly_one_cm":253658,"minecraft:player_kills":15,"minecraft:open_chest":2,"minecraft:crouch_one_cm":921,"minecraft:play_time":40509,"minecraft:deaths":21,"minecraft:sneak_time":174,"minecraft:jump":968,"minecraft:total_world_time":40509,"minecraft:fall_one_cm":38688},"minecraft:killed_by":{"jujutsucraft:cursed_spirit_grade_311":1,"minecraft:player":4,"jujutsucraft:cursed_spirit_grade_310":1,"jujutsucraft:moon_dregs":1,"jujutsucraft:cursed_spirit_grade_110":1,"jujutsucraft:yoshino_junpei":8,"minecraft:iron_golem":1,"jujutsucraft:q":1,"jujutsucraft:cursed_spirit_grade_315":1,"jujutsucraft:cursed_spirit_grade_212":1},"minecraft:killed":{"jujutsucraft:mimiko":1,"jujutsucraft:cursed_spirit_grade_31":1,"jujutsucraft:cursed_spirit_grade_33":1,"minecraft:pig":1,"minecraft:iron_golem":1,"jujutsucraft:cursed_spirit_grade_37":1,"jujutsucraft:yoshino_junpei":1,"jujutsucraft:cursed_spirit_grade_318":1,"jujutsucraft:cursed_spirit_grade_316":1,"minecraft:sheep":3,"jujutsucraft:cursed_spirit_grade_39":1,"jujutsucraft:cursed_spirit_grade_313":2,"jujutsucraft:cursed_spirit_grade_312":1,"jujutsucraft:cursed_spirit_grade_314":3,"minecraft:chicken":3,"jujutsucraft:cursed_spirit_grade_36":3,"jujutsucraft:cursed_spirit_grade_317":1,"jujutsucraft:cursed_spirit_grade_315":2,"minecraft:villager":8,"minecraft:cow":6},"minecraft:mined":{"minecraft:white_bed":1,"minecraft:tall_grass":2,"minecraft:hay_block":14,"minecraft:grass":12,"minecraft:oak_leaves":2},"minecraft:used":{"minecraft:torch":1,"jujutsucraft:uniform_gojo_boots":4,"minecraft:white_bed":1,"jujutsucraft:uniform_gojo_chestplate":5,"jujutsucraft:item_doll":2,"jujutsucraft:uniform_gojo_helmet":4,"jujutsucraft:uniform_gojo_leggings":5},"minecraft:dropped":{"jujutsucraft:uniform_normal_leggings":2,"jujutsucraft:clothes_sukuna_fushiguro_chestplate":1,"minecraft:feather":2,"minecraft:chicken":1,"minecraft:leather":6,"jujutsucraft:uniform_normal_chestplate":2,"jujutsucraft:clothes_fushiguro_toji_leggings":1,"minecraft:grass":4,"minecraft:mutton":1,"minecraft:oak_sapling":2,"jujutsucraft:clothes_zenin_boots":1,"minecraft:beef":4,"jujutsucraft:uniform_normal_boots":2}},"DataVersion":3465}