{"stats":{"minecraft:broken":{"minecraft:golden_helmet":1,"minecraft:golden_leggings":2,"minecraft:golden_pickaxe":1},"minecraft:picked_up":{"minecraft:crafting_table":2,"minecraft:chicken":1,"jujutsucraft:uniform_normal_boots":2,"minecraft:oak_stairs":1,"jujutsucraft:cursed_technique_changer":1,"jujutsucraft:clothes_zenin_boots":1,"minecraft:beef":17,"minecraft:poppy":2,"minecraft:chest":1,"minecraft:spruce_trapdoor":2,"minecraft:furnace":1,"jujutsucraft:sickle":1,"jujutsucraft:glasses_maki_chestplate":2,"minecraft:torch":1,"minecraft:spruce_stairs":1,"jujutsucraft:clothes_fushiguro_toji_chestplate":1,"jujutsucraft:clothes_fushiguro_toji_leggings":2,"jujutsucraft:naginata":3,"minecraft:hay_block":32,"minecraft:mutton":1,"minecraft:skeleton_skull":1,"minecraft:white_wool":1,"minecraft:cobblestone":32,"minecraft:feather":2,"jujutsucraft:uniform_gojo_boots":4,"jujutsucraft:mahoraga_wheel_helmet":1,"minecraft:salmon":1,"minecraft:leather":8,"minecraft:smoker":2,"minecraft:oak_log":6,"minecraft:dirt":6,"jujutsucraft:uniform_normal_leggings":2,"minecraft:wheat_seeds":4,"minecraft:tall_grass":1,"jujutsucraft:dragon_bone":3,"jujutsucraft:uniform_gojo_leggings":5,"jujutsucraft:uniform_normal_chestplate":1,"jujutsucraft:uniform_gojo_chestplate":5,"jujutsucraft:uniform_gojo_helmet":5,"minecraft:white_bed":2,"minecraft:grass_block":4,"minecraft:grass":5,"jujutsucraft:clothes_sukuna_fushiguro_chestplate":1,"minecraft:bread":6,"minecraft:oak_sapling":2},"minecraft:custom":{"minecraft:mob_kills":379,"minecraft:interact_with_crafting_table":1,"minecraft:open_barrel":3,"minecraft:damage_dealt_resisted":95677,"minecraft:leave_game":1,"minecraft:time_since_death":152,"minecraft:damage_resisted":21710,"minecraft:sprint_one_cm":622442,"minecraft:walk_one_cm":396142,"minecraft:drop":55,"minecraft:play_time":118673,"minecraft:deaths":63,"minecraft:sneak_time":669,"minecraft:jump":3258,"minecraft:walk_on_water_one_cm":97,"minecraft:total_world_time":118673,"minecraft:time_since_rest":176,"minecraft:damage_taken":27752,"minecraft:damage_dealt":3283,"minecraft:fly_one_cm":1259033,"minecraft:player_kills":38,"minecraft:open_chest":8,"minecraft:crouch_one_cm":3140,"minecraft:fall_one_cm":206855},"minecraft:killed_by":{"jujutsucraft:cursed_spirit_grade_15":3,"jujutsucraft:cursed_spirit_grade_311":1,"minecraft:player":6,"jujutsucraft:cursed_spirit_grade_16":4,"jujutsucraft:cursed_spirit_grade_14":1,"jujutsucraft:cursed_spirit_grade_310":1,"jujutsucraft:cursed_spirit_grade_312":2,"jujutsucraft:cursed_spirit_grade_12":2,"jujutsucraft:cursed_spirit_grade_03":1,"jujutsucraft:cursed_spirit_grade_22":3,"jujutsucraft:cursed_spirit_grade_26":1,"jujutsucraft:cursed_spirit_grade_110":1,"jujutsucraft:cursed_spirit_grade_09":1,"minecraft:iron_golem":1,"jujutsucraft:yoshino_junpei":9,"jujutsucraft:sukuna":4,"jujutsucraft:cursed_spirit_grade_315":1,"jujutsucraft:eso":1,"jujutsucraft:rozetsu":3,"jujutsucraft:cursed_spirit_grade_212":1,"jujutsucraft:reggie_star":1,"jujutsucraft:inumaki_toge":1,"jujutsucraft:nishimiya_momo":1,"jujutsucraft:kumiya_juzo":1,"jujutsucraft:moon_dregs":2,"jujutsucraft:larue":1,"jujutsucraft:zenin_naoya":1,"jujutsucraft:panda_gorilla":1,"jujutsucraft:q":1,"jujutsucraft:cursed_spirit_grade_18":1,"jujutsucraft:kukuru":1,"jujutsucraft:cursed_spirit_grade_29":1,"jujutsucraft:jujutsu_sorcerer":1},"minecraft:killed":{"jujutsucraft:mimiko":4,"jujutsucraft:cursed_spirit_grade_32":9,"jujutsucraft:transfigured_human_3":3,"jujutsucraft:cursed_spirit_grade_31":2,"jujutsucraft:cursed_spirit_grade_33":20,"jujutsucraft:nanako":3,"jujutsucraft:cursed_spirit_grade_12":1,"jujutsucraft:cursed_spirit_grade_37":3,"jujutsucraft:cursed_spirit_grade_35":3,"jujutsucraft:yoshino_junpei":1,"jujutsucraft:cursed_spirit_grade_318":8,"jujutsucraft:cursed_spirit_grade_316":3,"jujutsucraft:cursed_spirit_grade_22":1,"jujutsucraft:kumiya_juzo":1,"jujutsucraft:transfigured_human_2":2,"jujutsucraft:cursed_spirit_grade_39":31,"jujutsucraft:shigemo_haruta":2,"jujutsucraft:cursed_spirit_grade_312":3,"jujutsucraft:cursed_spirit_grade_313":4,"minecraft:chicken":5,"jujutsucraft:kechizu":1,"jujutsucraft:cursed_spirit_grade_16":1,"jujutsucraft:panda_normal":1,"jujutsucraft:rozetsu_shikigami":3,"jujutsucraft:eso":1,"jujutsucraft:cursed_spirit_grade_317":17,"jujutsucraft:cursed_spirit_grade_34":17,"jujutsucraft:cursed_spirit_grade_38":4,"jujutsucraft:cursed_spirit_grade_27":1,"minecraft:pig":1,"jujutsucraft:kukuru":3,"jujutsucraft:jujutsu_sorcerer":3,"jujutsucraft:nishimiya_momo":1,"minecraft:salmon":1,"minecraft:iron_golem":1,"jujutsucraft:curse_user_1":3,"jujutsucraft:cursed_spirit_grade_211":3,"jujutsucraft:curse_user":9,"jujutsucraft:cursed_spirit_grade_321":19,"minecraft:sheep":3,"jujutsucraft:cursed_spirit_grade_29":3,"jujutsucraft:cursed_spirit_grade_314":21,"jujutsucraft:crow":12,"jujutsucraft:cursed_spirit_grade_14":1,"jujutsucraft:cursed_spirit_grade_311":3,"jujutsucraft:cursed_spirit_grade_310":6,"jujutsucraft:cursed_spirit_grade_36":34,"jujutsucraft:cursed_spirit_grade_25":1,"jujutsucraft:cursed_spirit_grade_315":10,"jujutsucraft:cursed_spirit_grade_212":1,"jujutsucraft:cursed_spirit_grade_319":15,"jujutsucraft:cursed_spirit_grade_322":8,"minecraft:villager":11,"jujutsucraft:q":2,"minecraft:cow":7,"jujutsucraft:ogami":5},"minecraft:mined":{"minecraft:white_bed":1,"minecraft:grass_block":2,"minecraft:hay_block":18,"minecraft:furnace":1,"minecraft:stone":32,"minecraft:smoker":2,"minecraft:crafting_table":1,"minecraft:tall_grass":6,"minecraft:grass":41,"minecraft:oak_log":6,"minecraft:dirt":1,"minecraft:oak_leaves":2},"minecraft:used":{"minecraft:poppy":1,"minecraft:chest":1,"minecraft:grass":1,"minecraft:torch":1,"minecraft:dirt":6,"jujutsucraft:uniform_gojo_chestplate":5,"minecraft:grass_block":4,"minecraft:oak_stairs":1,"jujutsucraft:item_doll":2,"jujutsucraft:uniform_gojo_helmet":4,"jujutsucraft:uniform_gojo_leggings":5,"jujutsucraft:glasses_maki_chestplate":1,"minecraft:stone_pickaxe":3,"jujutsucraft:uniform_gojo_boots":4,"minecraft:crafting_table":1,"minecraft:white_bed":1,"jujutsucraft:dragon_bone":7,"jujutsucraft:naginata":3,"minecraft:stone_axe":1,"minecraft:fire_charge":2,"minecraft:golden_pickaxe":33},"minecraft:dropped":{"minecraft:wheat_seeds":3,"minecraft:feather":2,"minecraft:leather":8,"jujutsucraft:sickle":1,"minecraft:spruce_stairs":1,"minecraft:grass":4,"minecraft:mutton":1,"jujutsucraft:dragon_bone":2,"jujutsucraft:uniform_normal_leggings":3,"jujutsucraft:clothes_sukuna_fushiguro_chestplate":1,"minecraft:tall_grass":1,"minecraft:chicken":1,"jujutsucraft:nail":1,"jujutsucraft:naginata":3,"minecraft:golden_shovel":1,"minecraft:salmon":1,"jujutsucraft:glasses_maki_chestplate":2,"jujutsucraft:uniform_normal_chestplate":2,"minecraft:poppy":1,"jujutsucraft:clothes_fushiguro_toji_leggings":1,"minecraft:spruce_trapdoor":2,"minecraft:oak_sapling":2,"jujutsucraft:clothes_zenin_boots":1,"minecraft:beef":6,"jujutsucraft:uniform_normal_boots":3,"jujutsucraft:mahoraga_wheel_helmet":1},"minecraft:crafted":{"minecraft:oak_planks":24,"minecraft:stone_pickaxe":1,"minecraft:wheat":36,"minecraft:crafting_table":1,"minecraft:stone_axe":1,"minecraft:bread":12,"minecraft:stick":8}},"DataVersion":3465}