{"stats":{"minecraft:picked_up":{"minecraft:crafting_table":1,"minecraft:chicken":1,"jujutsucraft:uniform_gojo_boots":4,"minecraft:leather":2,"jujutsucraft:uniform_normal_boots":1,"jujutsucraft:cursed_technique_changer":1,"jujutsucraft:uniform_gojo_leggings":5,"jujutsucraft:uniform_normal_chestplate":1,"jujutsucraft:uniform_gojo_chestplate":5,"jujutsucraft:uniform_gojo_helmet":4,"jujutsucraft:clothes_zenin_boots":1,"jujutsucraft:uniform_normal_leggings":1,"jujutsucraft:clothes_fushiguro_toji_leggings":1,"minecraft:wheat_seeds":1,"minecraft:hay_block":28,"minecraft:beef":4,"jujutsucraft:clothes_sukuna_fushiguro_chestplate":1},"minecraft:custom":{"minecraft:time_since_rest":630,"minecraft:sprint_one_cm":94141,"minecraft:damage_taken":2607,"minecraft:walk_one_cm":75396,"minecraft:mob_kills":26,"minecraft:drop":16,"minecraft:damage_dealt":136,"minecraft:fly_one_cm":108944,"minecraft:player_kills":7,"minecraft:crouch_one_cm":833,"minecraft:play_time":24619,"minecraft:deaths":8,"minecraft:sneak_time":100,"minecraft:damage_dealt_resisted":1461,"minecraft:jump":483,"minecraft:time_since_death":599,"minecraft:total_world_time":24619,"minecraft:fall_one_cm":17956},"minecraft:killed_by":{"jujutsucraft:cursed_spirit_grade_110":1,"jujutsucraft:yoshino_junpei":1,"minecraft:iron_golem":1,"jujutsucraft:q":1,"jujutsucraft:cursed_spirit_grade_311":1,"minecraft:player":2,"jujutsucraft:cursed_spirit_grade_315":1},"minecraft:killed":{"minecraft:sheep":2,"jujutsucraft:cursed_spirit_grade_39":1,"jujutsucraft:cursed_spirit_grade_31":1,"jujutsucraft:cursed_spirit_grade_313":2,"jujutsucraft:cursed_spirit_grade_312":1,"jujutsucraft:cursed_spirit_grade_314":2,"minecraft:pig":1,"minecraft:chicken":2,"jujutsucraft:cursed_spirit_grade_36":3,"jujutsucraft:cursed_spirit_grade_317":1,"jujutsucraft:cursed_spirit_grade_315":2,"jujutsucraft:cursed_spirit_grade_316":1,"minecraft:cow":2},"minecraft:mined":{"minecraft:hay_block":14,"minecraft:grass":7,"minecraft:tall_grass":1},"minecraft:used":{"jujutsucraft:item_doll":2,"jujutsucraft:uniform_gojo_helmet":4,"jujutsucraft:uniform_gojo_leggings":5,"jujutsucraft:uniform_gojo_boots":4,"jujutsucraft:uniform_gojo_chestplate":5},"minecraft:dropped":{"jujutsucraft:clothes_fushiguro_toji_leggings":1,"jujutsucraft:uniform_normal_leggings":2,"jujutsucraft:clothes_sukuna_fushiguro_chestplate":1,"minecraft:chicken":1,"jujutsucraft:clothes_zenin_boots":1,"minecraft:leather":2,"minecraft:beef":4,"jujutsucraft:uniform_normal_boots":2,"jujutsucraft:uniform_normal_chestplate":2}},"DataVersion":3465}