{"stats":{"minecraft:picked_up":{"jujutsucraft:uniform_normal_leggings":1,"jujutsucraft:uniform_gojo_boots":2,"jujutsucraft:clothes_fushiguro_toji_leggings":1,"jujutsucraft:uniform_normal_boots":1,"minecraft:wheat_seeds":1,"jujutsucraft:cursed_technique_changer":1,"jujutsucraft:uniform_gojo_leggings":2,"jujutsucraft:clothes_sukuna_fushiguro_chestplate":1,"jujutsucraft:uniform_normal_chestplate":1,"jujutsucraft:uniform_gojo_chestplate":2,"jujutsucraft:uniform_gojo_helmet":2,"jujutsucraft:clothes_zenin_boots":1},"minecraft:custom":{"minecraft:time_since_rest":1739,"minecraft:deaths":3,"minecraft:crouch_one_cm":170,"minecraft:play_time":12619,"minecraft:sprint_one_cm":33691,"minecraft:damage_taken":1109,"minecraft:walk_one_cm":27959,"minecraft:sneak_time":52,"minecraft:mob_kills":1,"minecraft:drop":9,"minecraft:jump":200,"minecraft:damage_dealt":10,"minecraft:time_since_death":1706,"minecraft:total_world_time":12619,"minecraft:fall_one_cm":7705,"minecraft:fly_one_cm":41576,"minecraft:player_kills":3},"minecraft:killed_by":{"minecraft:iron_golem":1,"minecraft:player":2},"minecraft:killed":{"minecraft:chicken":1},"minecraft:mined":{"minecraft:grass":6,"minecraft:tall_grass":1},"minecraft:used":{"jujutsucraft:uniform_gojo_leggings":2,"jujutsucraft:uniform_gojo_boots":2,"jujutsucraft:item_doll":2,"jujutsucraft:uniform_gojo_helmet":2,"jujutsucraft:uniform_gojo_chestplate":2},"minecraft:dropped":{"jujutsucraft:clothes_zenin_boots":1,"jujutsucraft:clothes_fushiguro_toji_leggings":1,"jujutsucraft:uniform_normal_leggings":2,"jujutsucraft:uniform_normal_boots":2,"jujutsucraft:uniform_normal_chestplate":2,"jujutsucraft:clothes_sukuna_fushiguro_chestplate":1}},"DataVersion":3465}