{"stats":{"minecraft:broken":{"minecraft:golden_helmet":1},"minecraft:picked_up":{"minecraft:crafting_table":1,"minecraft:feather":2,"minecraft:chicken":1,"jujutsucraft:uniform_gojo_boots":4,"jujutsucraft:mahoraga_wheel_helmet":1,"minecraft:leather":8,"jujutsucraft:uniform_normal_boots":1,"minecraft:oak_stairs":1,"jujutsucraft:cursed_technique_changer":1,"jujutsucraft:clothes_zenin_boots":1,"minecraft:dirt":3,"jujutsucraft:uniform_normal_leggings":1,"minecraft:wheat_seeds":2,"minecraft:beef":17,"jujutsucraft:glasses_maki_chestplate":1,"minecraft:torch":1,"jujutsucraft:uniform_normal_chestplate":1,"jujutsucraft:uniform_gojo_leggings":5,"jujutsucraft:uniform_gojo_chestplate":5,"jujutsucraft:uniform_gojo_helmet":4,"minecraft:white_bed":2,"jujutsucraft:clothes_fushiguro_toji_leggings":1,"minecraft:hay_block":32,"minecraft:grass":4,"jujutsucraft:clothes_sukuna_fushiguro_chestplate":1,"minecraft:bread":6,"minecraft:oak_sapling":2,"minecraft:mutton":1,"minecraft:white_wool":1},"minecraft:custom":{"minecraft:mob_kills":113,"minecraft:damage_dealt_resisted":10240,"minecraft:time_since_death":722,"minecraft:damage_resisted":1359,"minecraft:time_since_rest":757,"minecraft:sprint_one_cm":245259,"minecraft:damage_taken":10285,"minecraft:walk_one_cm":188775,"minecraft:drop":35,"minecraft:damage_dealt":2581,"minecraft:fly_one_cm":375583,"minecraft:player_kills":20,"minecraft:open_chest":2,"minecraft:crouch_one_cm":921,"minecraft:play_time":52509,"minecraft:deaths":27,"minecraft:sneak_time":174,"minecraft:jump":1367,"minecraft:total_world_time":52509,"minecraft:fall_one_cm":62116},"minecraft:killed_by":{"jujutsucraft:cursed_spirit_grade_15":3,"jujutsucraft:cursed_spirit_grade_311":1,"minecraft:player":4,"jujutsucraft:cursed_spirit_grade_310":1,"jujutsucraft:moon_dregs":1,"jujutsucraft:cursed_spirit_grade_110":1,"jujutsucraft:yoshino_junpei":8,"minecraft:iron_golem":1,"jujutsucraft:q":1,"jujutsucraft:kukuru":1,"jujutsucraft:cursed_spirit_grade_315":1,"jujutsucraft:cursed_spirit_grade_212":1,"jujutsucraft:jujutsu_sorcerer":1},"minecraft:killed":{"jujutsucraft:mimiko":2,"jujutsucraft:cursed_spirit_grade_32":2,"jujutsucraft:cursed_spirit_grade_31":1,"jujutsucraft:cursed_spirit_grade_33":1,"minecraft:pig":1,"jujutsucraft:nanako":1,"minecraft:iron_golem":1,"jujutsucraft:cursed_spirit_grade_37":1,"jujutsucraft:cursed_spirit_grade_35":1,"jujutsucraft:yoshino_junpei":1,"jujutsucraft:cursed_spirit_grade_318":1,"jujutsucraft:cursed_spirit_grade_316":1,"jujutsucraft:curse_user":4,"jujutsucraft:cursed_spirit_grade_321":2,"minecraft:sheep":3,"jujutsucraft:cursed_spirit_grade_39":21,"jujutsucraft:cursed_spirit_grade_313":3,"jujutsucraft:cursed_spirit_grade_312":1,"jujutsucraft:cursed_spirit_grade_314":4,"jujutsucraft:cursed_spirit_grade_311":1,"jujutsucraft:cursed_spirit_grade_310":1,"minecraft:chicken":3,"jujutsucraft:cursed_spirit_grade_36":5,"jujutsucraft:cursed_spirit_grade_317":6,"jujutsucraft:cursed_spirit_grade_315":3,"jujutsucraft:cursed_spirit_grade_34":1,"jujutsucraft:cursed_spirit_grade_319":2,"jujutsucraft:cursed_spirit_grade_322":2,"minecraft:villager":9,"minecraft:cow":7},"minecraft:mined":{"minecraft:white_bed":1,"minecraft:grass_block":2,"minecraft:tall_grass":3,"minecraft:hay_block":18,"minecraft:grass":26,"minecraft:dirt":1,"minecraft:oak_leaves":2},"minecraft:used":{"minecraft:torch":1,"minecraft:dirt":3,"jujutsucraft:uniform_gojo_boots":4,"minecraft:white_bed":1,"jujutsucraft:uniform_gojo_chestplate":5,"minecraft:oak_stairs":1,"jujutsucraft:item_doll":2,"jujutsucraft:uniform_gojo_helmet":4,"jujutsucraft:uniform_gojo_leggings":5},"minecraft:dropped":{"minecraft:wheat_seeds":1,"jujutsucraft:uniform_normal_leggings":2,"jujutsucraft:clothes_sukuna_fushiguro_chestplate":1,"minecraft:feather":2,"minecraft:chicken":1,"jujutsucraft:nail":1,"minecraft:leather":8,"jujutsucraft:glasses_maki_chestplate":1,"jujutsucraft:uniform_normal_chestplate":2,"jujutsucraft:clothes_fushiguro_toji_leggings":1,"minecraft:grass":4,"minecraft:mutton":1,"minecraft:oak_sapling":2,"jujutsucraft:clothes_zenin_boots":1,"minecraft:beef":4,"jujutsucraft:uniform_normal_boots":2,"jujutsucraft:mahoraga_wheel_helmet":1}},"DataVersion":3465}