{"stats":{"minecraft:broken":{"minecraft:golden_helmet":1,"minecraft:golden_leggings":2,"minecraft:golden_pickaxe":1},"minecraft:picked_up":{"minecraft:crafting_table":2,"minecraft:chicken":1,"jujutsucraft:uniform_normal_boots":2,"minecraft:oak_stairs":1,"jujutsucraft:cursed_technique_changer":1,"jujutsucraft:clothes_zenin_boots":1,"minecraft:item_frame":1,"minecraft:beef":17,"minecraft:poppy":2,"minecraft:chest":1,"minecraft:spruce_trapdoor":2,"minecraft:furnace":1,"jujutsucraft:sickle":1,"jujutsucraft:glasses_maki_chestplate":2,"minecraft:torch":1,"minecraft:spruce_stairs":1,"jujutsucraft:sword_okkotsu_yuta":1,"jujutsucraft:gavel":1,"jujutsucraft:clothes_fushiguro_toji_chestplate":1,"jujutsucraft:clothes_fushiguro_toji_leggings":2,"jujutsucraft:naginata":4,"minecraft:hay_block":32,"minecraft:mutton":1,"minecraft:skeleton_skull":1,"minecraft:white_wool":1,"minecraft:cobblestone":32,"minecraft:feather":2,"jujutsucraft:uniform_gojo_boots":4,"jujutsucraft:mahoraga_wheel_helmet":1,"minecraft:salmon":1,"minecraft:leather":8,"minecraft:smoker":2,"minecraft:oak_log":6,"minecraft:dirt":6,"jujutsucraft:uniform_normal_leggings":2,"minecraft:wheat_seeds":5,"minecraft:tall_grass":1,"jujutsucraft:sword_miwa_kasumi":1,"jujutsucraft:dragon_bone":3,"jujutsucraft:clothes_kirara_helmet":1,"jujutsucraft:uniform_gojo_leggings":5,"jujutsucraft:uniform_normal_chestplate":1,"jujutsucraft:uniform_gojo_chestplate":5,"jujutsucraft:uniform_gojo_helmet":5,"minecraft:white_bed":2,"minecraft:grass_block":4,"minecraft:grass":6,"jujutsucraft:clothes_sukuna_fushiguro_chestplate":1,"minecraft:bread":6,"minecraft:oak_sapling":2},"minecraft:custom":{"minecraft:mob_kills":552,"minecraft:interact_with_crafting_table":1,"minecraft:open_barrel":3,"minecraft:damage_dealt_resisted":154868,"minecraft:leave_game":1,"minecraft:time_since_death":8328,"minecraft:damage_resisted":38247,"minecraft:sprint_one_cm":957423,"minecraft:walk_one_cm":536419,"minecraft:drop":68,"minecraft:play_time":153708,"minecraft:deaths":79,"minecraft:sneak_time":673,"minecraft:jump":4218,"minecraft:walk_on_water_one_cm":617,"minecraft:total_world_time":153708,"minecraft:time_since_rest":8357,"minecraft:damage_taken":37731,"minecraft:damage_dealt":3283,"minecraft:fly_one_cm":1837046,"minecraft:player_kills":45,"minecraft:open_chest":8,"minecraft:crouch_one_cm":3140,"minecraft:fall_one_cm":341288},"minecraft:mined":{"minecraft:white_bed":1,"minecraft:grass_block":2,"minecraft:hay_block":18,"minecraft:furnace":1,"minecraft:stone":32,"minecraft:smoker":2,"minecraft:crafting_table":1,"minecraft:tall_grass":6,"minecraft:grass":47,"minecraft:oak_log":6,"minecraft:dirt":1,"minecraft:oak_leaves":2},"minecraft:killed":{"jujutsucraft:mimiko":4,"jujutsucraft:cursed_spirit_grade_32":18,"jujutsucraft:transfigured_human_3":5,"jujutsucraft:cursed_spirit_grade_31":3,"jujutsucraft:cursed_spirit_grade_33":29,"jujutsucraft:nanako":3,"jujutsucraft:doll_1":7,"jujutsucraft:cursed_spirit_grade_24":1,"jujutsucraft:cursed_spirit_grade_12":1,"jujutsucraft:cursed_spirit_grade_37":4,"jujutsucraft:cursed_spirit_grade_35":5,"jujutsucraft:yoshino_junpei":1,"jujutsucraft:cursed_spirit_grade_318":13,"jujutsucraft:cursed_spirit_grade_316":6,"jujutsucraft:cursed_spirit_grade_22":1,"jujutsucraft:kumiya_juzo":3,"jujutsucraft:transfigured_human_2":3,"minecraft:horse":1,"jujutsucraft:cursed_spirit_grade_39":54,"jujutsucraft:shigemo_haruta":4,"jujutsucraft:cursed_spirit_grade_312":5,"jujutsucraft:cursed_spirit_grade_313":7,"minecraft:chicken":6,"jujutsucraft:kechizu":1,"jujutsucraft:cursed_spirit_grade_16":1,"jujutsucraft:panda_normal":1,"jujutsucraft:rozetsu_shikigami":3,"jujutsucraft:eso":1,"jujutsucraft:cursed_spirit_grade_317":26,"jujutsucraft:cursed_spirit_grade_38":6,"jujutsucraft:cursed_spirit_grade_34":28,"jujutsucraft:transfigured_human_1":2,"jujutsucraft:cursed_spirit_grade_27":3,"jujutsucraft:cursed_spirit_grade_210":1,"minecraft:pig":1,"jujutsucraft:kukuru":4,"jujutsucraft:jujutsu_sorcerer":3,"jujutsucraft:nishimiya_momo":2,"jujutsucraft:cursed_spirit_grade_213":1,"minecraft:salmon":1,"minecraft:iron_golem":1,"jujutsucraft:curse_user_1":3,"jujutsucraft:cursed_spirit_grade_211":3,"jujutsucraft:curse_user":11,"minecraft:squid":2,"jujutsucraft:cursed_spirit_grade_321":22,"minecraft:sheep":3,"jujutsucraft:cursed_spirit_grade_29":3,"jujutsucraft:cursed_spirit_grade_314":26,"jujutsucraft:crow":12,"jujutsucraft:cursed_spirit_grade_14":2,"jujutsucraft:cursed_spirit_grade_311":3,"jujutsucraft:cursed_spirit_grade_310":16,"jujutsucraft:negi_toshihisa":1,"jujutsucraft:cursed_spirit_grade_36":44,"jujutsucraft:cursed_spirit_grade_25":2,"jujutsucraft:cursed_spirit_grade_315":11,"jujutsucraft:cursed_spirit_grade_212":1,"jujutsucraft:cursed_spirit_grade_319":23,"jujutsucraft:cursed_spirit_grade_322":16,"jujutsucraft:cursed_spirit_grade_06":1,"minecraft:villager":11,"jujutsucraft:q":3,"minecraft:cow":7,"jujutsucraft:ogami":6},"minecraft:dropped":{"minecraft:wheat_seeds":4,"minecraft:crafting_table":1,"minecraft:feather":2,"minecraft:cobblestone":26,"minecraft:leather":8,"jujutsucraft:sickle":1,"minecraft:spruce_stairs":1,"minecraft:stick":4,"minecraft:grass":4,"minecraft:mutton":1,"jujutsucraft:clothes_kirara_helmet":1,"jujutsucraft:dragon_bone":2,"minecraft:furnace":1,"minecraft:stone_axe":1,"jujutsucraft:uniform_normal_leggings":3,"jujutsucraft:sword_miwa_kasumi":1,"jujutsucraft:clothes_sukuna_fushiguro_chestplate":1,"minecraft:tall_grass":1,"minecraft:chicken":1,"minecraft:oak_planks":16,"jujutsucraft:nail":1,"minecraft:smoker":2,"jujutsucraft:naginata":3,"minecraft:golden_shovel":1,"minecraft:white_bed":1,"minecraft:salmon":1,"jujutsucraft:glasses_maki_chestplate":2,"jujutsucraft:uniform_normal_chestplate":2,"minecraft:poppy":1,"jujutsucraft:clothes_fushiguro_toji_leggings":1,"minecraft:spruce_trapdoor":2,"minecraft:oak_sapling":2,"jujutsucraft:clothes_zenin_boots":1,"jujutsucraft:gavel_big":1,"minecraft:stone_pickaxe":1,"minecraft:beef":6,"jujutsucraft:uniform_normal_boots":3,"jujutsucraft:mahoraga_wheel_helmet":1},"minecraft:used":{"minecraft:poppy":1,"minecraft:chest":1,"minecraft:grass":2,"minecraft:torch":1,"minecraft:dirt":6,"jujutsucraft:uniform_gojo_chestplate":5,"minecraft:grass_block":4,"minecraft:oak_stairs":1,"jujutsucraft:item_doll":2,"jujutsucraft:uniform_gojo_helmet":4,"minecraft:item_frame":1,"jujutsucraft:uniform_gojo_leggings":5,"minecraft:skeleton_skull":1,"jujutsucraft:glasses_maki_chestplate":1,"minecraft:stone_pickaxe":3,"jujutsucraft:uniform_gojo_boots":4,"minecraft:crafting_table":1,"minecraft:white_bed":1,"jujutsucraft:dragon_bone":13,"jujutsucraft:naginata":3,"minecraft:stone_axe":1,"minecraft:fire_charge":2,"minecraft:golden_pickaxe":33},"minecraft:crafted":{"minecraft:oak_planks":24,"minecraft:stone_pickaxe":1,"minecraft:wheat":36,"minecraft:crafting_table":1,"minecraft:stone_axe":1,"minecraft:bread":12,"minecraft:stick":8},"minecraft:killed_by":{"jujutsucraft:zenin_naobito":1,"jujutsucraft:cursed_spirit_grade_15":3,"jujutsucraft:cursed_spirit_grade_311":1,"minecraft:player":11,"jujutsucraft:cursed_spirit_grade_16":4,"jujutsucraft:cursed_spirit_grade_14":2,"jujutsucraft:cursed_spirit_grade_310":1,"jujutsucraft:cursed_spirit_grade_312":2,"jujutsucraft:cursed_spirit_grade_12":2,"jujutsucraft:cursed_spirit_grade_13":1,"jujutsucraft:cursed_spirit_grade_03":1,"jujutsucraft:cursed_spirit_grade_22":3,"jujutsucraft:cursed_spirit_grade_26":1,"jujutsucraft:cursed_spirit_grade_110":1,"jujutsucraft:cursed_spirit_grade_09":1,"minecraft:iron_golem":1,"jujutsucraft:yoshino_junpei":9,"jujutsucraft:ice_spear":1,"jujutsucraft:sukuna":4,"jujutsucraft:cursed_spirit_grade_315":1,"jujutsucraft:eso":1,"jujutsucraft:rozetsu":3,"jujutsucraft:cursed_spirit_grade_212":1,"jujutsucraft:reggie_star":1,"jujutsucraft:inumaki_toge":1,"jujutsucraft:nishimiya_momo":1,"jujutsucraft:kumiya_juzo":1,"jujutsucraft:uraume":1,"jujutsucraft:moon_dregs":2,"jujutsucraft:larue":1,"jujutsucraft:zenin_naoya":2,"jujutsucraft:panda_gorilla":1,"jujutsucraft:q":1,"jujutsucraft:cursed_spirit_grade_18":1,"jujutsucraft:kukuru":1,"jujutsucraft:cursed_spirit_grade_29":1,"jujutsucraft:cursed_spirit_grade_06":1,"jujutsucraft:eight_handled_swrod_divergent_sila_divine_general_mahoraga":2,"jujutsucraft:geto_suguru_curse_user":1,"jujutsucraft:jujutsu_sorcerer":1}},"DataVersion":3465}