{"stats":{"minecraft:broken":{"minecraft:golden_helmet":1,"minecraft:golden_pickaxe":1,"minecraft:golden_leggings":2},"minecraft:picked_up":{"minecraft:crafting_table":1,"minecraft:feather":2,"minecraft:chicken":1,"jujutsucraft:uniform_gojo_boots":4,"minecraft:salmon":1,"jujutsucraft:mahoraga_wheel_helmet":1,"minecraft:leather":8,"jujutsucraft:uniform_normal_boots":2,"minecraft:oak_stairs":1,"jujutsucraft:cursed_technique_changer":1,"jujutsucraft:clothes_zenin_boots":1,"minecraft:dirt":3,"jujutsucraft:uniform_normal_leggings":1,"minecraft:wheat_seeds":4,"minecraft:beef":17,"minecraft:tall_grass":1,"minecraft:poppy":2,"minecraft:chest":1,"minecraft:spruce_trapdoor":2,"jujutsucraft:dragon_bone":1,"jujutsucraft:glasses_maki_chestplate":2,"minecraft:torch":1,"jujutsucraft:uniform_normal_chestplate":1,"jujutsucraft:uniform_gojo_leggings":5,"jujutsucraft:uniform_gojo_chestplate":5,"jujutsucraft:uniform_gojo_helmet":4,"minecraft:white_bed":2,"minecraft:grass_block":1,"jujutsucraft:clothes_fushiguro_toji_leggings":1,"minecraft:hay_block":32,"minecraft:grass":5,"jujutsucraft:clothes_sukuna_fushiguro_chestplate":1,"minecraft:bread":6,"minecraft:cobblestone":32,"minecraft:oak_sapling":2,"minecraft:mutton":1,"minecraft:white_wool":1},"minecraft:custom":{"minecraft:mob_kills":255,"minecraft:damage_dealt_resisted":41299,"minecraft:time_since_death":927,"minecraft:damage_resisted":7112,"minecraft:time_since_rest":956,"minecraft:sprint_one_cm":410553,"minecraft:damage_taken":17676,"minecraft:walk_one_cm":261879,"minecraft:drop":44,"minecraft:damage_dealt":3283,"minecraft:fly_one_cm":767705,"minecraft:player_kills":24,"minecraft:open_chest":8,"minecraft:crouch_one_cm":970,"minecraft:play_time":76509,"minecraft:deaths":45,"minecraft:sneak_time":182,"minecraft:jump":2146,"minecraft:total_world_time":76509,"minecraft:fall_one_cm":130877},"minecraft:killed_by":{"jujutsucraft:reggie_star":1,"jujutsucraft:cursed_spirit_grade_15":3,"jujutsucraft:cursed_spirit_grade_311":1,"minecraft:player":5,"jujutsucraft:inumaki_toge":1,"jujutsucraft:cursed_spirit_grade_14":1,"jujutsucraft:cursed_spirit_grade_310":1,"jujutsucraft:cursed_spirit_grade_312":1,"jujutsucraft:cursed_spirit_grade_12":2,"jujutsucraft:nishimiya_momo":1,"jujutsucraft:kumiya_juzo":1,"jujutsucraft:moon_dregs":1,"jujutsucraft:cursed_spirit_grade_03":1,"jujutsucraft:cursed_spirit_grade_22":1,"jujutsucraft:cursed_spirit_grade_26":1,"jujutsucraft:zenin_naoya":1,"jujutsucraft:cursed_spirit_grade_09":1,"jujutsucraft:cursed_spirit_grade_110":1,"jujutsucraft:yoshino_junpei":9,"minecraft:iron_golem":1,"jujutsucraft:q":1,"jujutsucraft:kukuru":1,"jujutsucraft:sukuna":1,"jujutsucraft:cursed_spirit_grade_315":1,"jujutsucraft:rozetsu":2,"jujutsucraft:cursed_spirit_grade_212":1,"jujutsucraft:jujutsu_sorcerer":1},"minecraft:killed":{"jujutsucraft:mimiko":3,"jujutsucraft:cursed_spirit_grade_32":8,"jujutsucraft:cursed_spirit_grade_31":1,"jujutsucraft:cursed_spirit_grade_33":11,"minecraft:pig":1,"jujutsucraft:kukuru":1,"jujutsucraft:nanako":3,"jujutsucraft:jujutsu_sorcerer":1,"jujutsucraft:cursed_spirit_grade_12":1,"jujutsucraft:nishimiya_momo":1,"minecraft:salmon":1,"minecraft:iron_golem":1,"jujutsucraft:cursed_spirit_grade_37":1,"jujutsucraft:cursed_spirit_grade_35":3,"jujutsucraft:yoshino_junpei":1,"jujutsucraft:cursed_spirit_grade_318":8,"jujutsucraft:curse_user_1":1,"jujutsucraft:cursed_spirit_grade_316":3,"jujutsucraft:curse_user":7,"jujutsucraft:transfigured_human_2":2,"jujutsucraft:cursed_spirit_grade_321":13,"minecraft:sheep":3,"jujutsucraft:cursed_spirit_grade_29":1,"jujutsucraft:cursed_spirit_grade_39":28,"jujutsucraft:shigemo_haruta":1,"jujutsucraft:cursed_spirit_grade_313":4,"jujutsucraft:cursed_spirit_grade_312":3,"jujutsucraft:cursed_spirit_grade_314":13,"jujutsucraft:crow":3,"jujutsucraft:cursed_spirit_grade_311":2,"jujutsucraft:cursed_spirit_grade_310":4,"minecraft:chicken":5,"jujutsucraft:cursed_spirit_grade_36":26,"jujutsucraft:cursed_spirit_grade_25":1,"jujutsucraft:cursed_spirit_grade_317":13,"jujutsucraft:cursed_spirit_grade_315":5,"jujutsucraft:cursed_spirit_grade_34":11,"jujutsucraft:cursed_spirit_grade_319":6,"jujutsucraft:cursed_spirit_grade_322":4,"minecraft:villager":9,"jujutsucraft:q":1,"minecraft:cow":7,"jujutsucraft:ogami":2},"minecraft:mined":{"minecraft:white_bed":1,"minecraft:grass_block":2,"minecraft:tall_grass":4,"minecraft:hay_block":18,"minecraft:grass":38,"minecraft:dirt":1,"minecraft:stone":32,"minecraft:oak_leaves":2},"minecraft:used":{"minecraft:poppy":1,"minecraft:chest":1,"minecraft:grass":1,"minecraft:torch":1,"minecraft:dirt":3,"jujutsucraft:uniform_gojo_boots":4,"minecraft:white_bed":1,"jujutsucraft:uniform_gojo_chestplate":5,"minecraft:grass_block":1,"minecraft:oak_stairs":1,"jujutsucraft:item_doll":2,"jujutsucraft:uniform_gojo_helmet":4,"jujutsucraft:dragon_bone":7,"minecraft:fire_charge":2,"jujutsucraft:uniform_gojo_leggings":5,"minecraft:golden_pickaxe":33,"jujutsucraft:glasses_maki_chestplate":1},"minecraft:dropped":{"minecraft:wheat_seeds":3,"jujutsucraft:uniform_normal_leggings":2,"jujutsucraft:clothes_sukuna_fushiguro_chestplate":1,"minecraft:tall_grass":1,"minecraft:feather":2,"minecraft:chicken":1,"jujutsucraft:nail":1,"minecraft:leather":8,"minecraft:salmon":1,"jujutsucraft:glasses_maki_chestplate":2,"jujutsucraft:uniform_normal_chestplate":2,"minecraft:poppy":1,"jujutsucraft:clothes_fushiguro_toji_leggings":1,"minecraft:grass":4,"minecraft:spruce_trapdoor":2,"minecraft:mutton":1,"minecraft:oak_sapling":2,"jujutsucraft:clothes_zenin_boots":1,"minecraft:beef":4,"jujutsucraft:uniform_normal_boots":3,"jujutsucraft:mahoraga_wheel_helmet":1}},"DataVersion":3465}