{"stats":{"minecraft:broken":{"minecraft:golden_helmet":1,"minecraft:golden_leggings":2,"minecraft:golden_pickaxe":1},"minecraft:picked_up":{"minecraft:birch_door":2,"minecraft:crafting_table":2,"minecraft:chicken":1,"jujutsucraft:uniform_normal_boots":4,"minecraft:oak_stairs":1,"jujutsucraft:cursed_technique_changer":1,"jujutsucraft:clothes_zenin_boots":2,"minecraft:iron_axe":3,"minecraft:white_carpet":4,"minecraft:item_frame":2,"jujutsucraft:sword_ogi":1,"minecraft:blackstone":1,"minecraft:beef":17,"minecraft:poppy":2,"minecraft:chest":1,"minecraft:spruce_trapdoor":2,"minecraft:furnace":1,"minecraft:stick":4,"jujutsucraft:uniform_normal_helmet":1,"jujutsucraft:sickle":1,"jujutsucraft:playful_cloud":1,"jujutsucraft:glasses_maki_chestplate":2,"minecraft:torch":1,"minecraft:spruce_stairs":1,"jujutsucraft:sword_okkotsu_yuta":1,"jujutsucraft:gavel":2,"minecraft:stone_button":1,"minecraft:redstone":5,"jujutsucraft:clothes_fushiguro_toji_chestplate":1,"jujutsucraft:clothes_fushiguro_toji_leggings":3,"jujutsucraft:naginata":6,"minecraft:nether_bricks":10,"minecraft:hay_block":32,"jujutsucraft:mahito_hand_2":1,"minecraft:mutton":2,"minecraft:skeleton_skull":1,"minecraft:white_wool":3,"minecraft:cobblestone":32,"jujutsucraft:mahoraga_body_helmet":2,"minecraft:magma_block":1,"minecraft:basalt":55,"minecraft:feather":2,"jujutsucraft:g_staff":2,"jujutsucraft:uniform_gojo_boots":4,"jujutsucraft:mahoraga_wheel_helmet":1,"minecraft:salmon":1,"minecraft:leather":8,"minecraft:smoker":2,"jujutsucraft:sukuna_finger":3,"jujutsucraft:sword_kusakabe":1,"minecraft:oak_log":6,"jujutsucraft:inverted_spear_of_heaven":1,"minecraft:dirt":7,"jujutsucraft:uniform_normal_leggings":2,"minecraft:birch_pressure_plate":3,"minecraft:wheat_seeds":6,"jujutsucraft:mei_mei_axe":1,"jujutsucraft:hanami_hand":1,"minecraft:tall_grass":1,"jujutsucraft:sword_miwa_kasumi":1,"jujutsucraft:dragon_bone":4,"jujutsucraft:nyoi_staff":1,"jujutsucraft:clothes_kirara_helmet":1,"minecraft:gravel":1,"jujutsucraft:sunglasses_helmet":1,"jujutsucraft:uniform_gojo_leggings":5,"jujutsucraft:uniform_normal_chestplate":1,"jujutsucraft:uniform_gojo_chestplate":6,"jujutsucraft:uniform_gojo_helmet":5,"minecraft:white_bed":3,"minecraft:grass_block":6,"minecraft:polished_andesite":1,"minecraft:painting":2,"minecraft:grass":6,"jujutsucraft:clothes_sukuna_fushiguro_chestplate":2,"minecraft:bread":6,"jujutsucraft:item_master_six_eyes":1,"minecraft:oak_sapling":3,"minecraft:oak_leaves":1},"minecraft:custom":{"minecraft:mob_kills":836,"minecraft:interact_with_crafting_table":1,"minecraft:open_barrel":3,"minecraft:damage_dealt_resisted":353958,"minecraft:leave_game":1,"minecraft:time_since_death":2622,"minecraft:climb_one_cm":377,"minecraft:damage_resisted":90812,"minecraft:sprint_one_cm":1627889,"minecraft:walk_one_cm":834344,"minecraft:drop":127,"minecraft:play_time":219708,"minecraft:deaths":100,"minecraft:sneak_time":753,"minecraft:walk_under_water_one_cm":1931,"minecraft:jump":5610,"minecraft:walk_on_water_one_cm":16119,"minecraft:total_world_time":219708,"minecraft:time_since_rest":2651,"minecraft:damage_taken":50863,"minecraft:damage_dealt":3363,"minecraft:swim_one_cm":16414,"minecraft:fly_one_cm":3059748,"minecraft:player_kills":46,"minecraft:open_chest":17,"minecraft:crouch_one_cm":3646,"minecraft:fall_one_cm":572551},"minecraft:mined":{"minecraft:white_bed":1,"minecraft:grass_block":2,"minecraft:large_fern":1,"minecraft:hay_block":18,"minecraft:furnace":1,"minecraft:stone":32,"minecraft:smoker":2,"minecraft:powder_snow":21,"minecraft:crafting_table":1,"minecraft:dead_bush":1,"minecraft:tall_grass":10,"minecraft:grass":63,"minecraft:oak_log":6,"minecraft:dirt":2,"minecraft:oak_leaves":2},"minecraft:killed":{"jujutsucraft:mimiko":4,"jujutsucraft:cursed_spirit_grade_32":32,"jujutsucraft:transfigured_human_3":8,"jujutsucraft:cursed_spirit_grade_31":8,"jujutsucraft:cursed_spirit_grade_33":36,"jujutsucraft:nanako":3,"jujutsucraft:doll_1":7,"jujutsucraft:cursed_spirit_grade_24":3,"jujutsucraft:cursed_spirit_grade_12":2,"jujutsucraft:cursed_spirit_grade_37":5,"jujutsucraft:cursed_spirit_grade_35":8,"jujutsucraft:yoshino_junpei":1,"jujutsucraft:cursed_spirit_grade_318":23,"jujutsucraft:cursed_spirit_grade_26":1,"jujutsucraft:cursed_spirit_grade_316":9,"jujutsucraft:cursed_spirit_grade_22":3,"jujutsucraft:kumiya_juzo":3,"jujutsucraft:transfigured_human_2":4,"jujutsucraft:miwa_kasumi":1,"minecraft:horse":4,"jujutsucraft:cursed_spirit_grade_39":102,"jujutsucraft:fox_fire":4,"jujutsucraft:shigemo_haruta":7,"jujutsucraft:cursed_spirit_grade_312":8,"jujutsucraft:cursed_spirit_grade_313":11,"jujutsucraft:cursed_spirit_grade_215":2,"jujutsucraft:cursed_spirit_grade_15":1,"minecraft:chicken":6,"jujutsucraft:kechizu":1,"jujutsucraft:cursed_spirit_grade_19":1,"jujutsucraft:cursed_spirit_grade_16":4,"jujutsucraft:panda_normal":1,"jujutsucraft:rozetsu_shikigami":4,"jujutsucraft:cursed_spirit_grade_23":2,"jujutsucraft:itadori_yuji_shibuya":2,"jujutsucraft:eso":3,"jujutsucraft:cursed_spirit_grade_317":26,"jujutsucraft:cursed_spirit_grade_38":10,"jujutsucraft:cursed_spirit_grade_34":57,"jujutsucraft:transfigured_human_1":3,"jujutsucraft:miyo_rokujushi":1,"jujutsucraft:cursed_spirit_grade_27":4,"jujutsucraft:ember_insect":1,"jujutsucraft:eight_handled_swrod_divergent_sila_divine_general_mahoraga":2,"jujutsucraft:cursed_spirit_grade_210":3,"minecraft:pig":1,"jujutsucraft:kukuru":4,"jujutsucraft:jujutsu_sorcerer":4,"jujutsucraft:nishimiya_momo":3,"jujutsucraft:cursed_spirit_grade_213":4,"minecraft:salmon":1,"jujutsucraft:awasaka_jiro":1,"minecraft:iron_golem":1,"jujutsucraft:zenin_maki":2,"jujutsucraft:curse_user_1":4,"jujutsucraft:cursed_spirit_grade_211":3,"jujutsucraft:curse_user":16,"minecraft:squid":2,"jujutsucraft:cursed_spirit_grade_321":26,"jujutsucraft:polymorphic_soul_isomer":3,"minecraft:sheep":9,"jujutsucraft:panda_gorilla":1,"jujutsucraft:cursed_spirit_grade_29":4,"jujutsucraft:cursed_spirit_grade_28":1,"jujutsucraft:cursed_spirit_grade_314":30,"jujutsucraft:entity_scissors":5,"jujutsucraft:crow":12,"jujutsucraft:cursed_spirit_grade_14":3,"jujutsucraft:cursed_spirit_grade_311":9,"jujutsucraft:cursed_spirit_grade_310":21,"jujutsucraft:cursed_spirit_grade_13":1,"jujutsucraft:negi_toshihisa":1,"jujutsucraft:cursed_spirit_grade_36":49,"jujutsucraft:cursed_spirit_grade_25":4,"jujutsucraft:cursed_spirit_grade_110":1,"jujutsucraft:cursed_spirit_grade_315":14,"jujutsucraft:cursed_spirit_grade_212":3,"jujutsucraft:cursed_spirit_grade_319":28,"jujutsucraft:cursed_spirit_grade_322":18,"jujutsucraft:cursed_spirit_grade_06":1,"minecraft:villager":21,"jujutsucraft:q":4,"minecraft:cow":7,"jujutsucraft:gravestone_3":4,"jujutsucraft:ogami":6},"minecraft:dropped":{"minecraft:bread":12,"minecraft:wheat_seeds":5,"minecraft:crafting_table":1,"minecraft:golden_axe":1,"minecraft:feather":2,"minecraft:cobblestone":26,"minecraft:leather":8,"jujutsucraft:sickle":1,"minecraft:spruce_stairs":1,"minecraft:grass_block":1,"jujutsucraft:gavel":1,"minecraft:item_frame":1,"minecraft:polished_andesite":1,"minecraft:stick":8,"minecraft:grass":4,"minecraft:stone_button":1,"minecraft:mutton":2,"jujutsucraft:clothes_kirara_helmet":1,"jujutsucraft:sunglasses_helmet":1,"jujutsucraft:mei_mei_axe":1,"minecraft:iron_axe":2,"jujutsucraft:dragon_bone":4,"minecraft:white_wool":1,"jujutsucraft:sukuna_finger":2,"minecraft:redstone":5,"jujutsucraft:nyoi_staff":1,"minecraft:blackstone":1,"minecraft:furnace":1,"minecraft:stone_axe":1,"jujutsucraft:uniform_normal_leggings":3,"jujutsucraft:sword_miwa_kasumi":2,"jujutsucraft:hanami_hand":1,"minecraft:white_carpet":4,"jujutsucraft:clothes_sukuna_fushiguro_chestplate":2,"minecraft:tall_grass":1,"minecraft:chicken":1,"minecraft:birch_pressure_plate":3,"jujutsucraft:sword_okkotsu_yuta":1,"minecraft:oak_planks":16,"jujutsucraft:nail":1,"jujutsucraft:mahoraga_body_helmet":2,"minecraft:smoker":2,"jujutsucraft:naginata":7,"minecraft:golden_shovel":1,"minecraft:white_bed":1,"minecraft:nether_bricks":10,"jujutsucraft:knife":1,"minecraft:salmon":1,"jujutsucraft:glasses_maki_chestplate":2,"jujutsucraft:uniform_normal_chestplate":2,"jujutsucraft:mahito_hand_2":1,"minecraft:poppy":1,"jujutsucraft:clothes_fushiguro_toji_leggings":2,"jujutsucraft:sword_ogi":1,"minecraft:spruce_trapdoor":2,"jujutsucraft:sword_kusakabe":1,"minecraft:golden_leggings":2,"minecraft:birch_door":2,"minecraft:oak_sapling":3,"minecraft:golden_sword":1,"jujutsucraft:clothes_zenin_boots":2,"minecraft:painting":1,"minecraft:basalt":41,"jujutsucraft:uniform_normal_helmet":1,"jujutsucraft:gavel_big":1,"minecraft:stone_pickaxe":1,"minecraft:beef":6,"minecraft:magma_block":1,"jujutsucraft:uniform_normal_boots":5,"minecraft:oak_leaves":1,"jujutsucraft:mahoraga_wheel_helmet":1,"jujutsucraft:g_staff":2,"jujutsucraft:uniform_gojo_chestplate":1},"minecraft:used":{"minecraft:poppy":1,"minecraft:chest":1,"minecraft:grass":2,"minecraft:torch":1,"jujutsucraft:sukuna_finger":7,"minecraft:dirt":7,"minecraft:obsidian":2,"jujutsucraft:uniform_gojo_chestplate":5,"minecraft:grass_block":5,"minecraft:oak_stairs":1,"jujutsucraft:item_doll":2,"jujutsucraft:uniform_gojo_helmet":4,"minecraft:item_frame":1,"minecraft:basalt":14,"jujutsucraft:uniform_gojo_leggings":5,"jujutsucraft:playful_cloud":24,"minecraft:skeleton_skull":1,"jujutsucraft:glasses_maki_chestplate":1,"minecraft:stone_pickaxe":3,"minecraft:white_wool":1,"jujutsucraft:uniform_gojo_boots":4,"minecraft:crafting_table":1,"minecraft:white_bed":1,"minecraft:painting":1,"minecraft:gravel":1,"jujutsucraft:dragon_bone":33,"jujutsucraft:naginata":3,"minecraft:stone_axe":1,"minecraft:fire_charge":2,"minecraft:golden_pickaxe":33},"minecraft:crafted":{"minecraft:oak_planks":24,"minecraft:stone_pickaxe":1,"minecraft:wheat":36,"minecraft:crafting_table":1,"minecraft:stone_axe":1,"minecraft:bread":12,"minecraft:stick":8},"minecraft:killed_by":{"jujutsucraft:zenin_naobito":1,"jujutsucraft:cursed_spirit_grade_15":4,"jujutsucraft:cursed_spirit_grade_311":1,"minecraft:player":16,"jujutsucraft:cursed_spirit_grade_16":4,"jujutsucraft:cursed_spirit_grade_14":2,"jujutsucraft:cursed_spirit_grade_310":1,"jujutsucraft:cursed_spirit_grade_312":2,"jujutsucraft:cursed_spirit_grade_11":1,"jujutsucraft:cursed_spirit_grade_12":2,"jujutsucraft:cursed_spirit_grade_13":1,"jujutsucraft:cursed_spirit_grade_03":1,"jujutsucraft:cursed_spirit_grade_22":3,"jujutsucraft:uro_takako":1,"jujutsucraft:cursed_spirit_grade_26":1,"jujutsucraft:cursed_spirit_grade_110":1,"jujutsucraft:cursed_spirit_grade_09":1,"minecraft:iron_golem":1,"jujutsucraft:yoshino_junpei":9,"jujutsucraft:fushiguro_toji":1,"jujutsucraft:ice_spear":1,"jujutsucraft:sukuna":5,"jujutsucraft:cursed_spirit_grade_315":1,"jujutsucraft:eso":1,"jujutsucraft:rozetsu":3,"jujutsucraft:cursed_spirit_grade_212":1,"jujutsucraft:sukuna_fushiguro":3,"jujutsucraft:hazenoki":1,"jujutsucraft:reggie_star":1,"jujutsucraft:inumaki_toge":1,"jujutsucraft:nishimiya_momo":1,"jujutsucraft:jogo":1,"jujutsucraft:kumiya_juzo":1,"jujutsucraft:uraume":1,"jujutsucraft:moon_dregs":2,"jujutsucraft:larue":1,"jujutsucraft:zenin_naoya":2,"jujutsucraft:panda_gorilla":1,"jujutsucraft:q":1,"jujutsucraft:cursed_spirit_grade_18":1,"jujutsucraft:kukuru":1,"jujutsucraft:cursed_spirit_grade_29":1,"jujutsucraft:cursed_spirit_grade_06":1,"jujutsucraft:eight_handled_swrod_divergent_sila_divine_general_mahoraga":2,"jujutsucraft:geto_suguru_curse_user":1,"jujutsucraft:jujutsu_sorcerer":1}},"DataVersion":3465}